train_loss,train_latent_loss,cosine_sim,z_hat_norm,z_true_norm,lr,epoch,grad_norm_encoder,grad_norm_predictor,grad_norm_embedding,grad_norm_total,step
12.790858268737793,2.0591776371002197,-0.030465230345726013,15.987674713134766,15.998705863952637,0.0002999999740828295,0,20.897729565389454,12.49355635046959,1.0943379998207092,57.7617016825825,0
4.6546502113342285,0.9957691431045532,0.6121185421943665,15.99276351928711,15.998573303222656,0.0002999968640344116,0,0.19412489639944397,0.36882854706398305,0.12068412080407143,28.40728366697347,1
3.127507209777832,0.9869272708892822,0.5680139660835266,15.99805736541748,15.998565673828125,0.00029998857068872225,0,0.1361918897018768,0.3516919308332206,0.04300408437848091,9.863898852943857,2
2.7313687801361084,0.9907432198524475,0.5533934235572815,15.998995780944824,15.99910831451416,0.00029997509436419025,0,0.07388511759927496,0.2039838088213738,0.022628369741141796,2.6465073480623116,3
2.9501285552978516,0.9991371631622314,0.6573281288146973,15.996766090393066,15.999957084655762,0.00029995643557824837,0,0.062455012572172564,0.21907504573292047,0.012002803850919008,1.9508956532835373,4
3.341684341430664,1.0155051946640015,0.5713512897491455,15.997674942016602,16.001018524169922,0.00029993259504731344,0,0.03861778744976618,0.15571871630295353,0.014528918545693159,1.9744933955457324,5
2.9815568923950195,1.000997543334961,0.5339676141738892,15.993600845336914,16.002544403076172,0.00029990357368675914,0,0.0324844104143267,0.14419506591836384,0.009851513896137476,1.1971231210565456,6
2.686779022216797,1.0026483535766602,0.6379402875900269,15.989233016967773,16.003826141357422,0.0002998693726108803,0,0.026473695284948917,0.12442410349030819,0.009336950723081827,1.1829747787625804,7
2.716529130935669,0.9993535876274109,0.6188714504241943,15.99421501159668,16.005300521850586,0.00029982999313285074,0,0.02257827651919797,0.11383603398418407,0.010284179355949163,1.1486290589250658,8
2.559735059738159,0.9943934082984924,0.57853102684021,15.99532413482666,16.006603240966797,0.0002997854367646728,0,0.024592820340330945,0.1168457831736579,0.010025720577687025,1.1894421649595008,9
2.5679144859313965,0.9995633363723755,0.5269378423690796,15.996161460876465,16.007959365844727,0.0002997357052171187,0,0.019673508695632336,0.09345979490940037,0.010069698560982943,1.0557857636180832,10
2.539958953857422,1.003828763961792,0.6081787347793579,15.9888916015625,16.009662628173828,0.00029968080039966536,0,0.01571523030906974,0.09403198556952658,0.010675261728465557,1.2024422254531233,11
2.5224740505218506,1.0030629634857178,0.7162823677062988,15.984152793884277,16.01095199584961,0.0002996207244204208,0,0.01393754590935714,0.07430659088507635,0.011984271463006735,1.2259891657090844,12
2.5507547855377197,1.0012034177780151,0.7255346775054932,15.98178482055664,16.01319122314453,0.0002995554795860437,0,0.01002727293598582,0.05601390308076343,0.010952210519462824,1.1544473267407895,13
2.390308380126953,1.002882480621338,0.7001495361328125,15.980003356933594,16.014320373535156,0.0002994850684016541,0,0.012150654734796262,0.06900154496916333,0.017691965214908123,1.1332929102883131,14
2.5177793502807617,1.0004615783691406,0.6849631071090698,15.97674560546875,16.015869140625,0.0002994094935707378,0,0.010505098869543872,0.0573377394230854,0.011717765126377344,1.129339543720628,15
2.3684630393981934,0.9962310791015625,0.6721987724304199,15.979294776916504,16.017589569091797,0.00029932875799504224,0,0.008918495290345163,0.05162266160049156,0.011353395413607359,1.0979740413099408,16
2.248791456222534,1.0075938701629639,0.6481344699859619,15.978689193725586,16.01920509338379,0.00029924286477446527,0,0.00890728469221358,0.052028690374711806,0.011720760725438595,1.1711864561802512,17
2.1820578575134277,1.0036709308624268,0.6346685886383057,15.978033065795898,16.02117156982422,0.0002991518172069361,0,0.008883694751602889,0.05010616572405846,0.011343170423060656,1.2960652741693353,18
2.2644243240356445,1.00020432472229,0.6190046668052673,15.978594779968262,16.02315902709961,0.0002990556187882886,0,0.00705262962856068,0.04091549647372317,0.011162818409502506,1.098306429059527,19
2.271019220352173,0.9980263113975525,0.6097444891929626,15.978611946105957,16.024436950683594,0.00029895427321212733,0,0.008399419206398306,0.045695488261654815,0.012039122637361288,1.0980565840914926,20
2.3931117057800293,0.9988741278648376,0.6045584082603455,15.979061126708984,16.026498794555664,0.00029884778436968496,0,0.006076648882299196,0.0343486831364323,0.012348229065537453,1.11824039501089,21
2.2523317337036133,0.9999269247055054,0.5979794263839722,15.978696823120117,16.0281982421875,0.00029873615634967384,0,0.005907047478103777,0.03418376659932948,0.011208369862288237,1.044391455802855,22
2.3757119178771973,1.0019605159759521,0.5809882283210754,15.977728843688965,16.029579162597656,0.0002986193934381283,0,0.005500278113686363,0.03303471132488578,0.013160892762243748,1.1223655378452673,23
2.48270845413208,1.000928282737732,0.5694658756256104,15.976993560791016,16.03107452392578,0.00029849750011824087,0,0.005127206120960182,0.03376136014071157,0.012291530147194862,1.1424007512762233,24
2.2908453941345215,1.000054121017456,0.563764214515686,15.9761962890625,16.032371520996094,0.00029837048107018895,0,0.004671184571634512,0.026106604653114873,0.013053860981017351,1.0854856443564593,25
2.2385799884796143,0.9975942373275757,0.5574105978012085,15.975096702575684,16.03349494934082,0.0002982383411709558,0,0.005756932419899385,0.030906178013385688,0.011612906586378813,1.0387003954891338,26
2.3869237899780273,1.0008583068847656,0.5299020409584045,15.975128173828125,16.034761428833008,0.00029810108549414415,0,0.004410767015087913,0.02661119218398117,0.01231161318719387,1.15297475571403,27
2.344315767288208,0.9994953274726868,0.5357345342636108,15.973560333251953,16.03595733642578,0.0002979587193097797,0,0.0051279064227856,0.03002297343235749,0.012175109703093767,1.176087300154256,28
2.5349316596984863,1.0004836320877075,0.5191689729690552,15.973196029663086,16.037059783935547,0.0002978112480841096,0,0.004450195193385298,0.024521093579960684,0.014400114305317402,1.3588699714654924,29
2.293849468231201,1.0016396045684814,0.5088406801223755,15.975587844848633,16.03795051574707,0.00029765867747939313,0,0.005112518547775835,0.027893775016193445,0.012582062743604183,1.11004835550136,30
2.184337615966797,0.9980953335762024,0.5035886764526367,15.974367141723633,16.038606643676758,0.0002975010133536831,0,0.0050549103170851595,0.025378639615312115,0.01096646161749959,1.0353409254395705,31
2.2734010219573975,0.9993875026702881,0.7557245492935181,15.965673446655273,16.039573669433594,0.0002973382617606021,0,0.004093999220003752,0.0235082856617308,0.014836576767265797,1.2098809144778468,32
2.3510656356811523,0.9993399381637573,0.8279733657836914,15.9699068069458,16.04019546508789,0.0002971704289491089,0,0.0031494410372943094,0.020050422895681264,0.012936491519212723,1.1109229555778508,33
2.240103244781494,1.0004663467407227,0.8380212783813477,15.972162246704102,16.040515899658203,0.0002969975213632602,1,0.0029845259896319476,0.020785594353872783,0.017744939774274826,1.0643413815482126,34
2.2218220233917236,1.0012274980545044,0.8424181342124939,15.974003791809082,16.041109085083008,0.000296819545641961,1,0.0027315683323649864,0.02019280424260464,0.011130736209452152,1.1854510205354458,35
2.3214457035064697,1.0000581741333008,0.8472151756286621,15.973905563354492,16.041446685791016,0.00029663650861871125,1,0.0026656424929569766,0.018902165451021885,0.01169131649658084,1.3703351686454375,36
2.1992568969726562,0.9996072053909302,0.8419187664985657,15.973937034606934,16.04161834716797,0.0002964484173213432,1,0.003051894933832955,0.020174644839693362,0.01074954867362976,1.103914791858182,37
2.158531665802002,0.998994767665863,0.8376952409744263,15.974525451660156,16.041790008544922,0.00029625527897175167,1,0.002963916006137879,0.018018504899103865,0.013064707163721323,1.0637593330140622,38
2.1338648796081543,1.0013959407806396,0.8335390090942383,15.97456169128418,16.04183578491211,0.00029605710098561556,1,0.003099418737747328,0.01954950510327705,0.01049706619232893,1.056050782652,39
2.167384386062622,0.9994828104972839,0.8248934745788574,15.974252700805664,16.04216194152832,0.0002958538909721152,1,0.003064959891617036,0.019960186779761163,0.010403874330222607,1.0084147667443433,40
2.2322452068328857,1.0013542175292969,0.8184521794319153,15.97353458404541,16.04233741760254,0.00029564565673363837,1,0.0033411190720471495,0.019722806953901884,0.011268228758126497,1.2665734664112247,41
2.274305820465088,1.001173496246338,0.8203108906745911,15.975075721740723,16.042160034179688,0.00029543240626548164,1,0.0030309183675854,0.01809140713051964,0.010488230269402266,1.0735803420928605,42
2.1933584213256836,1.0005182027816772,0.8158304691314697,15.975862503051758,16.042404174804688,0.00029521414775554307,1,0.0030209865649339918,0.018820826211926794,0.009965172503143549,1.0161714763088319,43
2.094231605529785,1.0015616416931152,0.8084508180618286,15.9744873046875,16.042320251464844,0.0002949908895840081,1,0.0032695095942472108,0.01815474083323776,0.01020213682204485,1.0328717269925662,44
2.310041904449463,0.9997234344482422,0.8019842505455017,15.976133346557617,16.042354583740234,0.0002947626403230273,1,0.0034565318196655426,0.019502123552260386,0.011114620603621006,1.1088019456251772,45
2.233346462249756,0.998369038105011,0.7964765429496765,15.974115371704102,16.042198181152344,0.0002945294087363879,1,0.003701071885188867,0.017851241909270232,0.01117927860468626,1.0960556112899984,46
2.1695187091827393,1.000195860862732,0.7924357056617737,15.974796295166016,16.042118072509766,0.0002942912037791768,1,0.004466319133825891,0.02020775299025504,0.009920633397996426,1.0178578327077146,47
2.3173563480377197,0.9992876052856445,0.7831263542175293,15.973938941955566,16.042030334472656,0.0002940480345974368,1,0.005016166394852917,0.02048719352918177,0.011608926579356194,1.1384870566251561,48
2.126460552215576,0.9993414878845215,0.7784186005592346,15.974390029907227,16.041793823242188,0.00029379991052781566,1,0.009230356610714807,0.027159372476656146,0.01080733397975564,0.992462053974289,49
2.29427433013916,1.0003347396850586,0.6811316013336182,15.96546745300293,16.041339874267578,0.0002935468410972073,1,0.01833682068536291,0.05703149968487303,0.02010316215455532,1.1501035718001924,50
2.4362854957580566,0.9986448287963867,0.7694846391677856,15.971254348754883,16.04062271118164,0.00029328883602238636,1,0.009176690740787308,0.021579317453508107,0.018565918318927288,1.4527799334187892,51
2.054485321044922,0.990792989730835,0.7964185476303101,15.97486686706543,16.041101455688477,0.0002930259052096346,1,0.01796111663861666,0.0395276868987024,0.01885252073407173,1.036996278260824,52
2.327165126800537,0.9968105554580688,0.7246657609939575,15.97054672241211,16.041168212890625,0.00029275805875436124,1,0.028284255793550983,0.03759358977443267,0.04574960470199585,1.5116237163009187,53
2.154439926147461,0.9857497215270996,0.5522770285606384,15.96330451965332,16.040882110595703,0.0002924853069407147,1,0.06108037743251771,0.05507084811806434,0.12537237629294395,1.5102687481278716,54
2.3940939903259277,0.9949325323104858,0.6744648218154907,15.98701286315918,16.041467666625977,0.0002922076602411883,1,0.0455336348968558,0.030550532993019797,0.042226746678352356,1.2854433391081144,55
2.171679973602295,0.9891225099563599,0.8119370937347412,16.006816864013672,16.04331398010254,0.0002919251293162174,1,0.035532438807422295,0.04495955589529668,0.03817868418991566,1.2220565930097325,56
2.14007568359375,0.9726884961128235,0.8151682615280151,16.00957489013672,16.045480728149414,0.0002916377250137709,1,0.04729374876478687,0.06204736820371465,0.12769732996821404,1.2252392605267988,57
2.129908323287964,0.9722417593002319,0.6480807662010193,16.008098602294922,16.04690170288086,0.00029134545836893453,1,0.03567074092279654,0.04267256209846643,0.135746531188488,1.2628509612316132,58
2.022998809814453,0.9244334101676941,0.5749943256378174,16.02851104736328,16.0479679107666,0.0002910483406034864,1,0.06452053972316207,0.06471552819628074,0.34054484963417053,1.4895009921869826,59
2.191373348236084,0.9241440296173096,0.7107003927230835,16.067794799804688,16.04918098449707,0.0002907463831254675,1,0.24251404963433743,0.1532875226070896,0.20039044320583344,1.7544781090650499,60
2.1318864822387695,0.925567626953125,0.6534656286239624,16.08880615234375,16.05034637451172,0.0002904395975287424,1,0.35575502668507397,0.14763190373573737,0.3756908029317856,2.003872644072681,61
2.1975855827331543,0.966412365436554,0.630028486251831,16.10405158996582,16.050960540771484,0.0002901279955925543,1,0.1284716722148005,0.04702271314673129,0.4820251315832138,1.8885406157955063,62
1.880422830581665,0.8632235527038574,0.6366816759109497,16.14474105834961,16.05150604248047,0.00028981158928107376,1,0.23907065484672785,0.12757895147678017,0.635383129119873,2.012604436953725,63
2.124819278717041,0.9594638347625732,0.5791106224060059,16.18321990966797,16.051790237426758,0.0002894903907429383,1,0.2620123320957646,0.10229503461940126,0.4507167488336563,1.880373823685459,64
2.2794041633605957,0.9747424125671387,0.7146083116531372,16.219711303710938,16.052288055419922,0.0002891644123107863,1,0.37277417385485023,0.12613451363006573,1.0835569500923157,2.667774469460826,65
2.1456823348999023,0.8962314128875732,0.6566896438598633,16.261390686035156,16.052459716796875,0.00028883366650078344,1,0.16221354931622045,0.06764653287899614,0.9937579929828644,2.4281889498080886,66
2.057201623916626,0.8577629923820496,0.6067338585853577,16.295207977294922,16.052738189697266,0.00028849816601214206,1,0.1391494507843163,0.09199201535098894,0.38594554364681244,1.7183023194783897,67
2.151668071746826,0.8924425840377808,0.7069499492645264,16.381872177124023,16.052223205566406,0.00028815792372663396,2,0.5761491553857923,0.21252138744308163,1.898257076740265,3.869754121119292,68
2.0182342529296875,0.9032143354415894,0.5613143444061279,16.414531707763672,16.05304718017578,0.0002878129527080953,2,1.5775673668831587,1.6668442338705063,1.6074023842811584,6.072479791182559,69
1.7620275020599365,0.6743952631950378,0.6815149784088135,16.457359313964844,16.051864624023438,0.00028746326620192515,2,0.8486788251902908,0.3685768035130499,1.19597989320755,3.4834593125625437,70
1.8949406147003174,0.8126418590545654,0.798172116279602,16.548095703125,16.052005767822266,0.00028710887763457667,2,0.32159291379502974,0.21428920022355474,1.719844102859497,3.3868259327651846,71
1.7807021141052246,0.5960133671760559,0.772841215133667,16.60286521911621,16.053298950195312,0.00028674980061304243,2,0.20125426389859058,0.31122339511677405,0.6321603059768677,2.210984411160841,72
1.8692070245742798,0.691012978553772,0.6682885885238647,16.60332489013672,16.05167007446289,0.00028638604892433086,2,2.125612045172602,1.2383631933480501,4.52320408821106,9.06761061574798,73
1.9105064868927002,0.738060474395752,0.7165852785110474,16.653623580932617,16.050140380859375,0.0002860176365349383,2,0.7282906512264162,0.27901144166805464,0.9189217984676361,2.9806575225489462,74
1.8008244037628174,0.6841431260108948,0.8002241253852844,16.773651123046875,16.050758361816406,0.000285644577590311,2,0.38085889746434987,0.27389986812353145,2.3498458862304688,4.129737998700999,75
1.5706300735473633,0.48065394163131714,0.7888305187225342,16.806400299072266,16.047863006591797,0.00028526688641430334,2,0.4553934378782287,0.3696809963422782,2.2073729038238525,4.038807459173905,76
2.0616390705108643,0.8670485019683838,0.8078851103782654,16.83892059326172,16.049312591552734,0.0002848845775086274,2,0.46641519491095096,0.18281568553660055,1.3623032569885254,3.1474104332913457,77
1.5587350130081177,0.4158962666988373,0.8043774962425232,16.86826515197754,16.046173095703125,0.000284497665552296,2,0.3905865678098053,0.7412606095895171,0.5816821157932281,2.8504668250097893,78
1.9961154460906982,0.7853266000747681,0.7738527059555054,16.941574096679688,16.046733856201172,0.0002841061654010593,2,0.2799971322529018,0.17738452270582616,0.9556835293769836,2.665673525267768,79
1.7748934030532837,0.5184319019317627,0.7578161358833313,16.999439239501953,16.047399520874023,0.00028371009208683453,2,0.8433385072275996,0.8402833845466375,2.8493021726608276,5.741090590658132,80
1.618496060371399,0.4371577501296997,0.8275752067565918,17.057247161865234,16.045223236083984,0.0002833094608171281,2,0.47346484556328505,0.44812453006212605,1.9174392819404602,4.009892049397388,81
1.6626540422439575,0.5030379295349121,0.7665125131607056,17.070100784301758,16.043094635009766,0.00028290428697445304,2,0.8539266586303711,1.1150245126336813,0.9482714533805847,4.03799736709334,82
1.6516215801239014,0.5609305500984192,0.7397300004959106,17.1331787109375,16.045223236083984,0.0002824945861157371,2,1.4844670738093555,0.9248112179338932,4.151299476623535,7.748535653168801,83
1.9170736074447632,0.8080704212188721,0.826061487197876,17.238433837890625,16.040470123291016,0.0002820803739717261,2,0.42967207299079746,0.2479779276204233,0.7918242812156677,2.530423362916236,84
1.7645195722579956,0.7399623394012451,0.7961556315422058,17.275718688964844,16.040687561035156,0.0002816616664463794,2,0.10070412076311186,0.17769127459403766,0.3688885271549225,1.7758034870880532,85
1.782508134841919,0.559573233127594,0.7409042119979858,17.124267578125,16.04242515563965,0.0002812384796162602,2,0.6546920735854656,0.82646962441504,1.6757045984268188,4.337367646105122,86
1.9114539623260498,0.8132339119911194,0.7299087047576904,17.2998046875,16.040149688720703,0.00028081082972991687,2,1.6049702307209373,0.5232537295516289,1.649888813495636,4.899932166662596,87
1.7263442277908325,0.5688931941986084,0.7829056978225708,17.323593139648438,16.040508270263672,0.00028037873320726104,2,0.47289485193323344,0.22243016735167032,2.3874045610427856,4.237521680809844,88
1.4622220993041992,0.39568427205085754,0.8211157321929932,17.35292625427246,16.039081573486328,0.00027994220663893484,2,0.3279402001062408,0.661969618871808,0.769486665725708,2.75497004162753,89
1.5922013521194458,0.4615452289581299,0.8037554025650024,17.40591049194336,16.036632537841797,0.0002795012667856756,2,0.07936680279090069,0.2662127518707379,0.14689309149980545,1.6437839889405255,90
1.7340539693832397,0.5104620456695557,0.7679311633110046,17.360366821289062,16.039749145507812,0.00027905593057767184,2,0.2805052319308743,0.690378101542592,0.6476679444313049,2.7291859854012728,91
1.6974027156829834,0.5707437992095947,0.787418007850647,17.543745040893555,16.034461975097656,0.00027860621511391283,2,0.15095750393811613,0.2416206118672204,0.7393640279769897,2.233295890912232,92
1.5001258850097656,0.41230708360671997,0.8270387649536133,17.49176025390625,16.035720825195312,0.0002781521376615328,2,0.4455602979869582,0.4649931211221724,1.9562752842903137,3.945116384323849,93
1.7773468494415283,0.590387761592865,0.7647092342376709,17.49702262878418,16.031970977783203,0.0002776937156551473,2,0.32453587936470285,0.22574139532954562,1.1360074877738953,2.8015892256618957,94
1.5991661548614502,0.4266953468322754,0.8102697730064392,17.594886779785156,16.031890869140625,0.00027723096669618366,2,0.3317500044358894,0.5693540880456567,1.0621441006660461,3.2067429634043947,95
1.5451911687850952,0.4857940971851349,0.864105224609375,17.67437744140625,16.035137176513672,0.0002767639085522061,2,0.2113605453632772,0.34498044774784176,0.621884286403656,2.2500729478980457,96
1.5896958112716675,0.5139288902282715,0.8678702116012573,17.725723266601562,16.031986236572266,0.0002762925591562324,2,0.7936926097609103,0.4727130301612881,0.935713529586792,3.353911826663137,97
1.8342620134353638,0.5936206579208374,0.7813199758529663,17.61639404296875,16.031688690185547,0.0002758169366060464,2,0.12934999371645972,0.18045597355698284,0.5372979789972305,2.007378989957525,98
1.4532277584075928,0.36291784048080444,0.8512498140335083,17.73198890686035,16.0306453704834,0.0002753370591635026,2,0.7666007175575942,0.4350723636521574,1.6165626645088196,3.931668361190109,99
1.9969335794448853,0.8405051231384277,0.8119696378707886,17.607675552368164,16.02935028076172,0.00027485294525382445,2,0.12270181998610497,0.09561988871235261,0.715408980846405,1.9820454275740111,100
1.7010046243667603,0.4554253816604614,0.8417625427246094,17.8065185546875,16.027023315429688,0.00027436461346489816,2,0.5773232547799125,0.4587609694283401,1.223007082939148,3.3930502131991034,101
1.5434962511062622,0.36466097831726074,0.8411248922348022,17.74053382873535,16.02859878540039,0.0002738720825465578,3,0.5246877293102443,0.5574589418247342,0.681955099105835,2.9444279994349927,102
1.5441439151763916,0.4567839503288269,0.8005689382553101,17.81053924560547,16.02001190185547,0.00027337537140986604,3,0.4479968392988667,0.6725183008238673,0.9174842834472656,3.169359032646753,103
1.7966535091400146,0.5536723732948303,0.8235712051391602,17.81185531616211,16.02494239807129,0.0002728744991263882,3,0.2903249866212718,0.3277869738697967,1.0335220098495483,2.8012339517766573,104
1.721107840538025,0.4979115426540375,0.8084226846694946,17.81917953491211,16.022184371948242,0.00027236948492745925,3,0.3043159440276213,0.3361754695742335,0.6683680415153503,2.4588014938726035,105
1.4390461444854736,0.4754655361175537,0.792212963104248,17.835609436035156,16.01520538330078,0.0002718603482034463,3,0.5192831618478522,0.7340131979435682,0.5138998925685883,2.839807665499393,106
1.4891357421875,0.4025995135307312,0.8247559070587158,17.779516220092773,16.024696350097656,0.0002713471085030036,3,0.5670789964497089,0.5596627993509173,0.9848830103874207,3.228440457955003,107
1.6272823810577393,0.4821767210960388,0.8512219786643982,17.989904403686523,16.023120880126953,0.00027082978553232126,3,0.19198217190569267,0.28867726405849126,0.5214847028255463,2.1646615098533166,108
1.8271434307098389,0.6009987592697144,0.8234531879425049,18.083942413330078,16.016033172607422,0.0002703083991543702,3,0.231441619747784,0.22151345792573707,1.064020961523056,2.646301871553276,109
1.903801679611206,0.7954616546630859,0.7519868612289429,17.887067794799805,16.01409912109375,0.0002697829693881383,3,0.4996617157012224,0.21765778360256927,0.891634464263916,2.7927766809106993,110
1.5364015102386475,0.36160793900489807,0.8445931673049927,17.859195709228516,16.020709991455078,0.0002692535164078622,3,0.32505235937424004,0.5501735527068377,1.0720443725585938,3.101487703679595,111
1.9296019077301025,0.770487368106842,0.8742934465408325,18.10570526123047,16.01490020751953,0.0002687200605422524,3,0.38196364138275385,0.2343020568004096,1.0454166233539581,2.8098004242273267,112
1.5877896547317505,0.3931753933429718,0.8326495885848999,18.037891387939453,16.01579475402832,0.00026818262227371325,3,0.6412585854995996,0.49877054523676634,0.9939679503440857,3.2584670335054398,113
1.470489501953125,0.3836144506931305,0.8357938528060913,17.94756507873535,16.012638092041016,0.0002676412222375559,3,0.9279023765120655,0.6954074893146753,1.0761004984378815,3.808242444472853,114
1.8252592086791992,0.7178657650947571,0.8776180744171143,18.122486114501953,16.01303482055664,0.00026709588122120654,3,0.9636662909761071,0.3453376059214942,2.810500383377075,5.2753205105573295,115
1.6412194967269897,0.533416748046875,0.7695781588554382,17.967838287353516,16.01085662841797,0.0002665466201634078,3,0.8131465672049671,0.6361871147528291,1.4225690960884094,4.104698614391964,116
1.8367207050323486,0.6114317178726196,0.7572466135025024,17.969358444213867,16.00851821899414,0.00026599346015341495,3,0.3266338281100616,0.21080391825444977,0.9344105124473572,2.6165727679667805,117
1.5231908559799194,0.3733218014240265,0.8427379727363586,18.104488372802734,16.011865615844727,0.0002654364224301865,3,0.5127970010507852,0.4415446547791362,0.9795792698860168,3.0570105926017277,118
1.4418832063674927,0.32319188117980957,0.8649196624755859,18.096038818359375,16.011791229248047,0.0002648755283815682,3,0.3315521231852472,0.39134035259485245,0.6434402763843536,2.505296263494529,119
1.538928508758545,0.38034898042678833,0.8376823663711548,17.977275848388672,16.005901336669922,0.00026431079954347203,3,0.6677471288712695,0.6762733021751046,0.8116317093372345,3.3024795470992103,120
1.498002052307129,0.4552885890007019,0.805551290512085,18.084484100341797,16.002613067626953,0.00026374225759904943,3,0.4578196834772825,0.5735769802704453,0.634755939245224,2.761143190669827,121
1.4720817804336548,0.40825629234313965,0.8270662426948547,18.06897735595703,16.009851455688477,0.0002631699243778588,3,0.5504032727330923,0.4669041046872735,1.083594560623169,3.2451486961217597,122
1.6105879545211792,0.38915959000587463,0.8369520902633667,18.13031578063965,16.008968353271484,0.00026259382185502705,3,0.27439341210993007,0.4018499720841646,1.020807921886444,3.0527942573535256,123
1.5180343389511108,0.31394124031066895,0.8981509804725647,18.060739517211914,16.009410858154297,0.0002620139721504059,3,0.5284138512797654,0.4641554021349733,0.9271902441978455,3.0790262385693934,124
1.9598448276519775,0.8528929948806763,0.8205283880233765,17.931142807006836,15.999935150146484,0.0002614303975277229,3,0.3090986870229244,0.14837928217123247,1.1081311702728271,2.779418519192701,125
2.0342633724212646,0.8814868330955505,0.8492053747177124,17.982810974121094,16.006885528564453,0.0002608431203937264,3,0.8389201299287379,0.3572907017431691,1.3669047951698303,3.800594151637471,126
1.5155630111694336,0.44493332505226135,0.8107178211212158,18.062480926513672,16.001358032226562,0.00026025216329732514,3,0.22621481586247683,0.32114268956570713,0.4386855512857437,2.0398784268261383,127
1.7277133464813232,0.5924183130264282,0.7968305349349976,17.99643325805664,16.0062255859375,0.00025965754892872246,3,0.2150941771978978,0.2304548623214263,0.963036298751831,2.505052783409997,128
1.409057378768921,0.40744447708129883,0.824466347694397,17.954856872558594,15.999797821044922,0.0002590593001185451,3,0.19585526235459838,0.25955361923760023,1.0753223299980164,2.6345291883327135,129
1.4802491664886475,0.3686586618423462,0.8457958698272705,18.169464111328125,15.997940063476562,0.00025845743983696705,3,0.25133653840748593,0.4950678599998355,0.4621743857860565,2.354978354240302,130
1.4286861419677734,0.3822372555732727,0.8437488079071045,18.29938507080078,15.994463920593262,0.000257851991192827,3,0.800179336918518,0.6480847306772357,1.2358121275901794,3.8433716099932083,131
1.4502770900726318,0.4586747884750366,0.8038017749786377,18.088483810424805,15.997828483581543,0.00025724297743274127,3,0.31489102134946734,0.5807296233251691,0.7139014899730682,2.6485525316675194,132
1.434635043144226,0.31735289096832275,0.8678172826766968,18.1064453125,15.999990463256836,0.0002566304219402113,3,0.29157783422851935,0.4749769792996309,0.6074026823043823,2.5175088852282577,133
1.9696707725524902,0.7573342323303223,0.8672486543655396,18.145151138305664,15.999589920043945,0.00025601434823472544,3,0.2332624433329329,0.197727394433238,0.3683318793773651,2.0487348522557993,134
1.8120272159576416,0.5876104235649109,0.8459372520446777,18.244548797607422,15.993874549865723,0.00025539477997085704,3,0.5681158602237701,0.3490075748092976,0.8617671132087708,2.9769480614602117,135
1.5503730773925781,0.4444017708301544,0.8099923133850098,18.039283752441406,15.990710258483887,0.00025477174093735465,4,0.6729210388148203,0.7491962723433971,0.790073573589325,3.342204180895351,136
1.6229891777038574,0.5139721035957336,0.8213365077972412,18.131683349609375,15.99693489074707,0.00025414525505622977,4,0.33017570222727954,0.2620940096499074,0.9552587568759918,2.6497964750565264,137
1.3767321109771729,0.3515840768814087,0.8516374826431274,18.07855224609375,15.997172355651855,0.00025351534638183776,4,0.19233426154823974,0.44173543713986874,0.4400009512901306,2.1629667494562455,138
1.664315938949585,0.6177082061767578,0.8345943093299866,18.16703224182129,15.993813514709473,0.00025288203909995473,4,0.20567048294469714,0.23439199975595848,0.8723617494106293,2.4773780441367723,139
1.3093936443328857,0.2811845541000366,0.8871411085128784,18.320981979370117,16.001615524291992,0.0002522453575268484,4,0.23789704352384433,0.23267193045467138,0.6319177448749542,2.2451131605776027,140
1.3586359024047852,0.287929892539978,0.8794599771499634,18.02999496459961,16.0009708404541,0.00025160532610834515,4,0.22935043752659112,0.4238852425478399,0.31562264263629913,2.0688202339806594,141
1.7800590991973877,0.60792076587677,0.8450714349746704,18.03803062438965,16.00371551513672,0.00025096196941889033,4,0.5577054087771103,0.3010187130516835,0.8526601195335388,3.019149157635632,142
1.425614833831787,0.4075678586959839,0.8268811702728271,18.0695858001709,15.996905326843262,0.00025031531216060583,4,0.49790987913729623,0.6175811840221286,0.635196328163147,2.839736934576649,143
2.05197811126709,0.7550668716430664,0.8562322854995728,18.1202335357666,16.00320816040039,0.000249665379162341,4,0.29085659730480984,0.17706388379951238,0.5530557930469513,2.236483556968544,144
1.4210844039916992,0.34791064262390137,0.8566476106643677,18.231395721435547,16.002197265625,0.00024901219537871967,4,0.7163771238410845,0.528693962842226,1.1255606412887573,3.501878560113255,145
1.6482350826263428,0.515941321849823,0.8152046799659729,18.126205444335938,16.001895904541016,0.0002483557858891815,4,0.39025053195655346,0.25885011323416796,1.2660924196243286,3.0679036848378947,146
1.373485803604126,0.3220539689064026,0.8647733926773071,18.03656005859375,16.004621505737305,0.0002476961758970195,4,0.4194571531843394,0.5076110502704978,0.5641139149665833,2.6138022700324655,147
1.4103243350982666,0.31306958198547363,0.8724619746208191,18.283105850219727,15.998152732849121,0.0002470333907284122,4,0.22720500506693497,0.35870296554639935,0.4420110434293747,2.187201038526837,148
1.8169071674346924,0.7038559913635254,0.888524055480957,18.248844146728516,16.001888275146484,0.0002463674558314511,4,0.1473661789787002,0.2124436889509167,0.42979320883750916,1.9602607020725924,149
1.3637194633483887,0.3447107672691345,0.8564362525939941,18.119457244873047,15.999874114990234,0.00024569839677516365,4,0.3193840376334265,0.43553786631673574,0.643025666475296,2.4911392949870788,150
1.4467003345489502,0.34359657764434814,0.8556581735610962,18.1060791015625,15.9957275390625,0.00024502623924853187,4,0.18670278787612915,0.45880240900442004,0.28087668120861053,2.077924134384375,151
1.8330943584442139,0.6397941708564758,0.874441385269165,18.056285858154297,16.00263023376465,0.00024435100905950517,4,0.4566063128877431,0.30936126399868796,1.1196159422397614,3.0573722028112007,152
1.3886953592300415,0.3626410663127899,0.8496457934379578,18.18785285949707,15.99793815612793,0.00024367273213401033,4,0.5883549000136554,0.5439664348959923,1.024694949388504,3.2954391594976187,153
1.5750110149383545,0.5655055642127991,0.7649983167648315,18.29876708984375,15.998061180114746,0.00024299143451495564,4,0.7462321780622005,0.7341625886037946,1.177059829235077,3.777187625761144,154
1.9034976959228516,0.803730845451355,0.8323980569839478,18.19607162475586,16.00050926208496,0.0002423071423612308,4,0.15062469660188071,0.18414330745661645,0.41831590235233307,1.9018746740600188,155
1.6890910863876343,0.6101937294006348,0.8175528049468994,18.04498291015625,16.001483917236328,0.00024161988194670283,4,0.0652581341273617,0.15567297695236482,0.40525083243846893,1.677772017662965,156
1.4703397750854492,0.5138571262359619,0.7884351015090942,18.293479919433594,15.988763809204102,0.00024092967965920717,4,0.22680723940720782,0.26644027179177865,0.4743162840604782,2.0867772414193118,157
1.542449951171875,0.503754734992981,0.855331540107727,18.148059844970703,15.997223854064941,0.00024023656199953443,4,0.11974662903230637,0.2534155540732892,0.5093576014041901,1.9073173214663977,158
1.8653621673583984,0.6896869540214539,0.8627526164054871,18.174823760986328,15.994649887084961,0.0002395405555804131,4,0.08655530531541444,0.15904789190509722,0.36785684525966644,1.7288389374397546,159
1.5888566970825195,0.5300224423408508,0.8426544666290283,18.35540771484375,16.000267028808594,0.00023884168712548737,4,0.5062200826359913,0.2977545506949606,1.1929370760917664,3.1418361274921405,160
1.6765366792678833,0.5251555442810059,0.7992681264877319,18.123695373535156,15.992960929870605,0.00023813998346829127,4,0.3062841074424796,0.2776726661467944,0.5313847362995148,2.36377671613442,161
1.8798630237579346,0.8349494338035583,0.8482253551483154,18.03887939453125,15.999733924865723,0.00023743547155121854,4,0.0590774839365622,0.08673708806944219,0.17907045036554337,1.398622433898511,162
2.0598459243774414,0.9007203578948975,0.8410173654556274,18.30551528930664,15.994352340698242,0.00023672817842448798,4,0.30212822783505544,0.16344703809565425,0.517396867275238,2.160441539308266,163
1.9975323677062988,0.7544316649436951,0.7793362140655518,18.41126251220703,15.987367630004883,0.00023601813124510463,4,0.20951142816920765,0.17843713741645517,0.4707608222961426,2.1192431892199752,164
1.8449493646621704,0.7160497903823853,0.7804974913597107,18.264629364013672,15.990711212158203,0.00023530535727581746,4,0.2434435231552925,0.1583294625634345,0.4832102805376053,1.9867545048655493,165
1.9675581455230713,0.8187363743782043,0.8061693906784058,18.096111297607422,15.989338874816895,0.0002345898838840723,4,0.22451508056838065,0.13576842774000353,0.5516431629657745,2.1084163737186823,166
1.5054943561553955,0.5486338138580322,0.7709149718284607,18.309967041015625,15.990655899047852,0.00023387173854096116,4,0.8532661339268088,0.7729970701038837,1.4511341452598572,4.160405738395639,167
1.7710649967193604,0.5494823455810547,0.8105646371841431,18.157135009765625,15.990490913391113,0.00023315094882016762,4,0.28118691506097093,0.2587376487563462,0.40973255038261414,2.1091679429873924,168
2.8936805725097656,0.6517609357833862,0.731013834476471,18.462984085083008,15.986034393310547,0.00023242754239690777,5,5.226645196777739,0.9421851746737957,4.964959144592285,18.841500117067202,169
1.5704967975616455,0.5445597171783447,0.8059890270233154,18.163419723510742,15.987804412841797,0.00023170154704686786,5,0.32690462144091725,0.24471498988133422,0.8076999187469482,2.445629840048799,170
1.5355385541915894,0.4663379490375519,0.8302662968635559,18.116840362548828,15.986084938049316,0.0002309729906451378,5,0.8285261241253465,0.4141897909722122,1.1759318113327026,3.5692811322660947,171
1.6972267627716064,0.6847633123397827,0.802211344242096,18.178569793701172,15.992594718933105,0.00023024190116514075,5,0.09153580199927092,0.14004844913665687,0.38317421078681946,1.677683177438439,172
1.7101609706878662,0.6724553108215332,0.7205017805099487,18.365596771240234,15.9840087890625,0.00022950830667755923,5,0.8620808175764978,0.7997233681380749,1.3834710717201233,4.2135499569703825,173
1.5283046960830688,0.4514356851577759,0.8324535489082336,18.242023468017578,15.992834091186523,0.0002287722353492571,5,0.10882714588660747,0.22931086360286362,0.2768571078777313,1.7689564764829855,174
1.628039002418518,0.5752885341644287,0.771341860294342,18.36894989013672,15.98847770690918,0.0002280337154421985,5,0.096345595215098,0.1785587025366741,0.3935365676879883,1.7294819664963772,175
1.708469271659851,0.6481812000274658,0.8164513111114502,18.33768653869629,15.986503601074219,0.00022729277531236214,5,0.2872103253612295,0.1962287396669385,0.5385667383670807,2.2120369843684133,176
1.7156977653503418,0.6661555171012878,0.7596061825752258,18.391698837280273,15.991049766540527,0.0002265494434086531,5,0.19488894115784205,0.18013503780002793,0.38932764530181885,1.8829370993398697,177
1.605520486831665,0.5674744844436646,0.7664088010787964,18.339935302734375,15.987750053405762,0.00022580374827181003,5,0.2536886886227876,0.6427224446088076,0.32438424229621887,2.3123549332958646,178
1.543967366218567,0.5858190059661865,0.7681407928466797,18.45029640197754,15.992351531982422,0.00022505571853330967,5,0.135980095656123,0.22209697310015863,0.3189268112182617,1.808718177083827,179
1.796094536781311,0.6717656850814819,0.7196465134620667,18.299875259399414,15.991324424743652,0.0002243053829142673,5,0.45569409837480634,0.7628449369221926,0.7686734199523926,3.13593118195422,180
1.4938374757766724,0.44444605708122253,0.81812584400177,18.261024475097656,15.992740631103516,0.00022355277022433425,5,0.2821132563985884,0.5398553134873509,0.41821493208408356,2.4107653878745623,181
1.5908132791519165,0.4887465238571167,0.8364896178245544,18.54613494873047,15.98619556427002,0.00022279790936059133,5,0.5407537217251956,0.43424855568266496,0.8104620575904846,3.008977349845758,182
1.723628044128418,0.7084188461303711,0.7761408090591431,18.560901641845703,15.988394737243652,0.0002220408293064396,5,0.11476790392771363,0.18060669747160574,0.4089580923318863,2.0004417385973765,183
1.619229793548584,0.6340045928955078,0.840196430683136,18.384525299072266,16.0002498626709,0.0002212815591304875,5,0.1971566261490807,0.22850614871192637,0.6478257477283478,2.125369297085012,184
1.7833833694458008,0.812096118927002,0.7719340324401855,18.275732040405273,15.994878768920898,0.0002205201279854347,5,0.05756515891698655,0.09202076521367875,0.3022589534521103,1.5081536997070408,185
1.5657232999801636,0.496817946434021,0.7977832555770874,18.391841888427734,15.992963790893555,0.00021975656510695273,5,0.801568825962022,0.7285064915195107,1.14518404006958,3.899974964908324,186
1.9471547603607178,0.8468109965324402,0.8264546394348145,18.391681671142578,15.997766494750977,0.00021899089981256258,5,0.05227160836511757,0.09436827731605735,0.22778547555208206,1.5859382972213965,187
1.8608229160308838,0.7924008965492249,0.8575579524040222,18.342697143554688,15.999931335449219,0.0002182231615005088,5,0.17562504432862625,0.17820673068887277,0.3911423087120056,1.8523043632707066,188
1.7437461614608765,0.6978167295455933,0.75284343957901,18.43644142150879,15.998678207397461,0.00021745337964863097,5,0.3250342925020959,0.2002818738285334,0.5746852457523346,2.1980278059956966,189
1.6569267511367798,0.692733645439148,0.7151793241500854,18.41986083984375,15.995038032531738,0.00021668158381323168,5,0.611930328886956,0.7922106711193919,1.1136581897735596,3.6369452426442876,190
1.8711365461349487,0.7773404121398926,0.8109084367752075,18.02776336669922,15.997701644897461,0.00021590780362794193,5,0.1291565328137949,0.11724214253346821,0.22695086151361465,1.5414855004391206,191
1.7058675289154053,0.7727181911468506,0.680235743522644,18.371936798095703,15.98977279663086,0.0002151320688025832,5,0.2753786144312471,0.8007882284000516,0.5096938610076904,2.6222483945894055,192
1.6408090591430664,0.5981534719467163,0.8081952929496765,18.255168914794922,15.991586685180664,0.00021435440912202655,5,0.06325574830407277,0.18517255496263463,0.15690932422876358,1.5565306205957379,193
1.6573675870895386,0.6313838958740234,0.7482928037643433,18.678565979003906,15.986820220947266,0.0002135748544450493,5,0.5596452113240957,0.8056904012337327,0.9099694788455963,3.4231005184119567,194
2.064723253250122,0.9060943722724915,0.8219757676124573,18.23358917236328,15.995108604431152,0.00021279343470318856,5,0.047836131576332264,0.0776060231529126,0.13347773998975754,1.4900001408769465,195
1.843191385269165,0.7244611382484436,0.8336122632026672,18.320858001708984,15.996830940246582,0.00021201017989959164,5,0.35617395327426493,0.2666358670070835,0.5366215407848358,2.2925728872618705,196
1.7590441703796387,0.6853252649307251,0.790947675704956,18.357864379882812,15.996002197265625,0.00021122512010786457,5,0.11831098693073727,0.20376389246052257,0.23697352409362793,1.6619123080974922,197
1.6420254707336426,0.5940326452255249,0.7565441131591797,18.422557830810547,15.994592666625977,0.00021043828547091686,5,0.5231636178214103,0.8083862215280533,0.8801772594451904,3.3174361795536242,198
1.9190948009490967,0.812807559967041,0.8169776201248169,18.284297943115234,15.994808197021484,0.00020964970619980462,5,0.12484430216136388,0.11992112607892336,0.32866744697093964,1.6620066387074695,199
1.7813324928283691,0.7560296654701233,0.757229745388031,18.639577865600586,15.987668991088867,0.00020885941257257036,5,0.11191713021253236,0.18167476128589516,0.3962986320257187,1.8289089962156784,200
1.8285688161849976,0.7626743316650391,0.7333518266677856,18.466781616210938,15.994216918945312,0.00020806743493308042,5,0.09459431891446002,0.1259447480380556,0.32050418853759766,1.6101588885186726,201
1.9552805423736572,0.8800597190856934,0.7392103672027588,18.520891189575195,15.995569229125977,0.00020727380368986,5,0.07532185380114242,0.09438123451484004,0.3318368121981621,1.6127043352106922,202
1.9443359375,0.8679338693618774,0.7739183902740479,18.29364776611328,15.997743606567383,0.00020647854931492548,6,0.03198125713144454,0.07602546549501693,0.09656359627842903,1.3311176427949984,203
1.801224946975708,0.7727875113487244,0.7041674256324768,18.418701171875,15.993942260742188,0.00020568170234261455,6,0.190222798337345,0.12478278947138155,0.5743758082389832,2.0045000147530194,204
1.8127541542053223,0.8160629868507385,0.6976873874664307,18.293771743774414,15.996758460998535,0.00020488329336841376,6,0.15677536034490913,0.11054606029189229,0.3883042335510254,1.7749032901263146,205
1.7417880296707153,0.6818770170211792,0.7192740440368652,18.441471099853516,15.995464324951172,0.0002040833530477838,6,0.7241640484426171,0.9612491745501757,1.2268022298812866,4.114173737238161,206
1.841646432876587,0.7220855355262756,0.7144674062728882,18.37778091430664,15.993085861206055,0.0002032819120949824,6,0.3558809256646782,0.1985022382488031,0.5681556761264801,2.384507981061798,207
1.864682912826538,0.8036795854568481,0.7242371439933777,18.356813430786133,15.994842529296875,0.00020247900128188523,6,0.0595282271533506,0.12452130948465329,0.1866445317864418,1.5789695801106702,208
1.723874568939209,0.7004724144935608,0.7266910076141357,19.044784545898438,15.9837646484375,0.00020167465143680412,6,1.3424516371451318,1.1486347131431103,1.9813059568405151,5.687415875552688,209
1.9221833944320679,0.8534009456634521,0.7750266194343567,18.49844741821289,15.990713119506836,0.00020086889344330354,6,0.07746197034430224,0.11541626571131114,0.1656612530350685,1.4736098003850848,210
1.8215868473052979,0.7584663033485413,0.7698585987091064,18.441856384277344,15.988436698913574,0.00020006175823901478,6,0.14798921771580353,0.1633124231396445,0.23448412120342255,1.6907870345551723,211
1.6627414226531982,0.6225559711456299,0.8264118432998657,18.66697883605957,15.995268821716309,0.00019925327681444825,6,0.16345852242375258,0.2038617288879651,0.33886101841926575,1.8452354833233005,212
1.9388320446014404,0.905642032623291,0.763897716999054,18.496511459350586,15.999815940856934,0.00019844348021180315,6,0.19567620891029947,0.10100415975074778,0.3657049834728241,1.7769162760266153,213
1.731053113937378,0.6687881350517273,0.7344223260879517,18.849275588989258,15.989498138427734,0.00019763239952377617,6,0.443206166382879,0.8708287011831999,0.5471412241458893,3.051143031218089,214
1.7351460456848145,0.64385986328125,0.804354190826416,18.497089385986328,15.990224838256836,0.00019682006589236682,6,0.10418264841428027,0.20844572141591422,0.4166759252548218,1.8947396950615754,215
1.7101960182189941,0.6777326464653015,0.7316704988479614,18.580615997314453,15.990705490112305,0.0001960065105076827,6,0.1474704265128821,0.18304307419268762,0.20997223258018494,1.7498693644108472,216
1.95830500125885,0.8674724102020264,0.7256757020950317,18.715984344482422,15.985727310180664,0.00019519176460674144,6,0.21246097816037945,0.12284822390105138,0.34316420555114746,1.9141666897110876,217
1.7529301643371582,0.7130975723266602,0.710303544998169,18.594770431518555,15.999422073364258,0.0001943758594722711,6,0.4760560058057308,0.9097600802779198,0.8242847621440887,3.3563156356685795,218
1.8240548372268677,0.7202554941177368,0.7517356872558594,18.699119567871094,15.992826461791992,0.0001935588264315095,6,0.2505261864862405,0.2228470578712864,0.41980133950710297,2.1145825609720763,219
1.921120285987854,0.7873977422714233,0.7876926064491272,18.578678131103516,15.992040634155273,0.0001927406968550012,6,0.18391936121042818,0.1516849753309777,0.4668188691139221,1.9933118811671426,220
2.0456085205078125,0.910736083984375,0.7738001942634583,18.607147216796875,15.992894172668457,0.00019192150215539277,6,0.48641722270986065,0.21362250351387446,0.7317768335342407,2.673094873673221,221
1.5814602375030518,0.5881794691085815,0.7725427150726318,18.792236328125,15.988487243652344,0.00019110127378622725,6,0.1875794269144535,0.21909036635835488,0.39782053232192993,1.9234618241614179,222
1.8830454349517822,0.7585655450820923,0.771675169467926,18.478158950805664,15.992069244384766,0.00019028004324073584,6,0.06516876793466508,0.1242404053796824,0.21370373666286469,1.5744946398650106,223
1.7768272161483765,0.7867982387542725,0.6857811808586121,18.908710479736328,15.990416526794434,0.00018945784205062923,6,0.6652549183927476,0.9658445175737143,1.0633219480514526,3.8847256376757286,224
1.7779996395111084,0.5702846050262451,0.7840951681137085,18.771862030029297,15.9917573928833,0.0001886347017848865,6,0.2120766213920433,0.2603273043058707,0.35064196586608887,2.1994486467155054,225
1.5998852252960205,0.5697850584983826,0.7955127954483032,18.936691284179688,15.99189567565918,0.0001878106540485433,6,0.26630937375011854,0.30435453323315076,0.3875027596950531,2.082554682390934,226
1.8327500820159912,0.8403637409210205,0.7658661007881165,19.01283836364746,15.991069793701172,0.00018698573048147815,6,0.14780168517609127,0.16035364871423874,0.5887414216995239,2.0547752774196972,227
1.7132086753845215,0.6872864365577698,0.7772192358970642,18.93926429748535,15.989096641540527,0.00018615996275719775,6,0.2893965884577483,0.2916524093647671,0.5449631214141846,2.2470912701150585,228
1.6422221660614014,0.5399060845375061,0.7897970676422119,19.010944366455078,15.985280990600586,0.0001853333825816207,6,0.561176520306617,0.772569315508008,0.7247204780578613,3.290991054906044,229
1.7373075485229492,0.7628241181373596,0.7593713402748108,18.814666748046875,15.992725372314453,0.00018450602169186036,6,0.1563531275605783,0.1874520050104419,0.31914128363132477,1.8012062455153734,230
1.7779700756072998,0.6771809458732605,0.7541387677192688,18.786218643188477,15.986379623413086,0.00018367791185500604,6,0.10123042610939592,0.2172817278582836,0.14819876849651337,1.628284420682979,231
1.7985703945159912,0.7409741878509521,0.7649977207183838,18.998756408691406,15.994699478149414,0.0001828490848669035,6,0.22567354142665863,0.17779158934602718,0.4739612340927124,2.0550093714252693,232
1.800298810005188,0.7568786144256592,0.7607911825180054,18.888843536376953,15.996145248413086,0.00018201957255093394,6,0.43609595263842493,0.24196396408127552,0.6911783814430237,2.530744590398296,233
1.5577185153961182,0.628242015838623,0.7516186833381653,18.971342086791992,15.984642028808594,0.0001811894067567921,6,0.29005946894176304,0.7745709465816617,0.3784852921962738,2.5486740695196204,234
1.6025903224945068,0.6293960809707642,0.7800027132034302,18.949167251586914,15.986848831176758,0.00018035861935926365,6,0.20769066328648478,0.258178704421156,0.8866541683673859,2.5000417200528355,235
1.632110834121704,0.6487717032432556,0.7959062457084656,18.999675750732422,15.98328971862793,0.0001795272422570011,6,0.10581425996497273,0.23023470224731102,0.29682202637195587,1.7517953577466538,236
1.8034043312072754,0.8375426530838013,0.7828121185302734,18.896024703979492,15.99459457397461,0.00017869530737129897,7,0.3512905975221656,0.20284689536021933,0.530187577009201,2.345297191563825,237
1.8556435108184814,0.8108851313591003,0.7741534113883972,18.976715087890625,15.991654396057129,0.00017786284664486837,7,0.1583850103779696,0.14424688050773826,0.3127484917640686,1.7516968922179088,238
1.7467352151870728,0.6610029935836792,0.8222485780715942,19.064355850219727,15.997284889221191,0.00017702989204061034,7,0.14038529404206201,0.2630901409789102,0.3679606467485428,2.0168982782411504,239
1.8195154666900635,0.7617356181144714,0.7369215488433838,18.92243003845215,15.988811492919922,0.00017619647554038874,7,0.13727848655253183,0.15214079516283951,0.4030306935310364,1.9303815104182183,240
1.915818214416504,0.8577584028244019,0.7938682436943054,18.848642349243164,15.993846893310547,0.00017536262914380227,7,0.2767412987886928,0.15105329074096857,0.4536829888820648,2.03002210553634,241
1.7735260725021362,0.7922207117080688,0.7572743892669678,19.016830444335938,15.995299339294434,0.0001745283848669558,7,0.16584929497912526,0.15786796884410031,0.3806297183036804,1.8753201735721337,242
1.8447011709213257,0.7599848508834839,0.70200115442276,19.164886474609375,15.99398422241211,0.00017369377474123096,7,0.3732066520024091,0.9322163555771112,0.4401470124721527,2.9530988382175565,243
1.7913391590118408,0.8073349595069885,0.8044513463973999,19.01068115234375,16.001724243164062,0.00017285883081205662,7,0.08812341232260223,0.1373718378943355,0.2795756831765175,1.6425188479677506,244
1.837254524230957,0.7985385060310364,0.7812087535858154,19.043750762939453,15.99521255493164,0.00017202358513767807,7,0.07775898167164996,0.16578440165455555,0.18835987895727158,1.6050693479583702,245
1.7167651653289795,0.6954091191291809,0.7595431804656982,19.13289451599121,15.994098663330078,0.00017118806978792646,7,0.1127221952774562,0.19090957984999396,0.2108057141304016,1.7393776880807301,246
1.6581785678863525,0.7131914496421814,0.7120298147201538,18.887619018554688,15.997638702392578,0.00017035231684298712,7,0.5178172327578068,0.9050335269421339,0.6169467270374298,3.180031448660884,247
1.990924596786499,0.9061112403869629,0.7535832524299622,19.30333137512207,16.00141143798828,0.0001695163583921682,7,0.09329857031116262,0.108571807171716,0.40407031774520874,1.898188470762721,248
1.9884052276611328,0.8494243025779724,0.7795321941375732,19.06983184814453,16.00164031982422,0.00016868022653266824,7,0.05622040486196056,0.11471120542734303,0.16444620490074158,1.558000641769072,249
1.650606393814087,0.7506554126739502,0.779915988445282,19.213932037353516,15.99294662475586,0.00016784395336834408,7,0.2611919247719925,0.18121466070880432,0.431347519159317,1.9766216453106726,250
1.8414078950881958,0.7307968139648438,0.7276343107223511,18.864303588867188,15.996091842651367,0.00016700757100847796,7,0.09812692363630049,0.17313883401759061,0.2894324064254761,1.778934492414846,251
1.8657183647155762,0.7811834812164307,0.7859817147254944,18.96486473083496,15.998870849609375,0.00016617111156654472,7,0.05181936528242659,0.12206509281108047,0.2238766774535179,1.6079830129268335,252
1.8413560390472412,0.7015616297721863,0.7415041923522949,18.914138793945312,15.991859436035156,0.00016533460715897886,7,0.1942819818505086,0.19629829154669032,0.3622754216194153,1.9719435819316908,253
1.7804312705993652,0.7296748757362366,0.7107977271080017,19.11724090576172,15.988490104675293,0.00016449808990394145,7,0.3477821368724108,0.8462977819144726,0.4245601147413254,2.84702780644875,254
1.6420780420303345,0.7671705484390259,0.7487464547157288,19.232013702392578,15.99461841583252,0.00016366159192008676,7,0.42247214290546253,0.2594441165782202,0.6945719122886658,2.5352409051482256,255
1.873613715171814,0.7717399597167969,0.8168783187866211,19.283235549926758,15.999351501464844,0.00016282514532532912,7,0.10169745300663635,0.17551803176356545,0.2623543366789818,1.8151176985778852,256
1.8015460968017578,0.795186460018158,0.763567328453064,19.439403533935547,16.003150939941406,0.00016198878223560974,7,0.4070713732508011,0.2601363835035709,0.5564128160476685,2.479740477958124,257
1.7205679416656494,0.7233366966247559,0.7469933032989502,19.233407974243164,15.998319625854492,0.00016115253476366368,7,0.15764149860478938,0.18532898932366892,0.36535118520259857,1.8474186326251112,258
1.7520248889923096,0.8105366230010986,0.7634186148643494,19.172893524169922,15.999200820922852,0.00016031643501778666,7,0.20300911605590954,0.1419162812689489,0.5074182003736496,1.9347155986051245,259
1.9613797664642334,0.7682656645774841,0.777159571647644,19.24264907836914,16.003467559814453,0.00015948051510060248,7,0.06910429650451988,0.14444885279451242,0.19954414665699005,1.7119712301523307,260
1.707149624824524,0.7053014039993286,0.7221004962921143,19.160724639892578,15.992633819580078,0.0001586448071078302,7,0.4661436910973862,0.8483589449897408,0.4451737552881241,2.9651070179534145,261
1.9008668661117554,0.8577680587768555,0.7164966464042664,19.355459213256836,15.999674797058105,0.0001578093431270519,7,0.09087596469908021,0.11808668186601429,0.24896597117185593,1.6079394553282036,262
1.9249958992004395,0.752116858959198,0.7407774925231934,19.144515991210938,15.99924087524414,0.00015697415523648075,7,0.10574610510957427,0.15545121158243985,0.501330628991127,1.9881094814034075,263
2.0469868183135986,0.992742657661438,0.7208828330039978,19.216983795166016,15.995423316955566,0.00015613927550372914,7,0.2672516800230369,0.13712987868307197,0.5293615013360977,2.1458351817560013,264
1.6670706272125244,0.6316099762916565,0.7937482595443726,19.34515953063965,15.99817180633545,0.00015530473598457747,7,0.2248841250257101,0.26166482676693537,0.4504663497209549,2.135889597202766,265
1.7977848052978516,0.7782626152038574,0.7644495368003845,19.21733856201172,15.991811752319336,0.00015447056872174348,7,0.21983833773992956,0.20855429058264197,0.5536429584026337,2.147263861376077,266
1.6583752632141113,0.6798005700111389,0.769206702709198,19.046295166015625,16.003082275390625,0.00015363680574365213,7,0.1686290779034607,0.21295304597664366,0.2215236946940422,1.7488623163786876,267
1.768247127532959,0.7767188549041748,0.6940202713012695,19.17380142211914,15.995623588562012,0.00015280347906320517,7,0.04834544085315429,0.11927701049184436,0.1967511549592018,1.5318784772190546,268
1.8669114112854004,0.7349836230278015,0.7245240211486816,19.159915924072266,15.99579906463623,0.00015197062067655263,7,0.12006325670517981,0.18514467276507346,0.20563659816980362,1.742570729240452,269
1.8309917449951172,0.7977993488311768,0.7607502937316895,19.311445236206055,15.987098693847656,0.00015113826256186403,7,0.08325363803305663,0.1412085925025477,0.2845620736479759,1.6529791538691225,270
1.8254592418670654,0.7964708805084229,0.788567304611206,19.33905029296875,16.004413604736328,0.0001503064366781005,8,0.1778307780623436,0.14812150275947467,0.3843240439891815,1.9194666507389204,271
1.784417986869812,0.7847571969032288,0.7721335887908936,19.445209503173828,15.997865676879883,0.00014947517496378813,8,0.2375127686536871,0.1923195085627366,0.4748917520046234,2.090247891996928,272
1.8760743141174316,0.8935338854789734,0.8031903505325317,19.511497497558594,16.001405715942383,0.00014864450933579093,8,0.10534466942772269,0.11627661218051044,0.41838231682777405,1.7996283195342326,273
1.8621383905410767,0.7902599573135376,0.6945523023605347,19.18674087524414,15.997021675109863,0.00014781447168808602,8,0.0675272114604013,0.13029905322555646,0.28994136303663254,1.6985950380601054,274
1.6789231300354004,0.7833750247955322,0.6888704299926758,19.203792572021484,16.000301361083984,0.0001469850938905387,8,0.5810439216438681,1.0002551283687353,0.754025787115097,3.5537274657399394,275
1.8359718322753906,0.7596152424812317,0.8130927085876465,19.85912322998047,15.994101524353027,0.00014615640778767894,8,0.46130952576640993,0.31651070747327265,0.6917180716991425,2.78302986312926,276
1.7405778169631958,0.8037331104278564,0.8620704412460327,19.822612762451172,15.998664855957031,0.00014532844519747834,8,0.14678379107499495,0.19317446547633282,0.5175522565841675,2.0600487063390043,277
1.6258602142333984,0.7086724042892456,0.7357465028762817,19.327165603637695,15.987680435180664,0.0001445012379101292,8,0.08319138479419053,0.16879131640983597,0.2672346755862236,1.7241283587247678,278
1.7814676761627197,0.7793976068496704,0.7422597408294678,19.340816497802734,16.002927780151367,0.0001436748176868232,8,0.17470629837771412,0.17936522316086767,0.3254622220993042,1.8417642990134584,279
1.8397821187973022,0.7826486825942993,0.7672694325447083,19.485553741455078,15.998625755310059,0.00014284921625853198,8,0.09902331591001712,0.17194340697074179,0.21023840457201004,1.6629294254996707,280
1.8750923871994019,0.8271698951721191,0.7189947366714478,19.342235565185547,15.989724159240723,0.00014202446532478926,8,0.054392623314925004,0.11566516089393453,0.31011882424354553,1.6528984362625696,281
1.6249936819076538,0.6736847758293152,0.7353240847587585,19.213350296020508,15.983194351196289,0.00014120059655247334,8,0.3996067534899339,0.8811307232826948,0.38184794783592224,2.8755201895255595,282
1.7415497303009033,0.8555660247802734,0.7126790285110474,19.29205322265625,15.978988647460938,0.0001403776415745914,8,0.28821619326481596,0.16370957333676206,0.4744725227355957,2.082156302063611,283
1.8316947221755981,0.7900563478469849,0.7292120456695557,19.420673370361328,15.996659278869629,0.00013955563198906468,8,0.1364479716285132,0.15048185639789896,0.2691931575536728,1.7970108126453925,284
2.035295009613037,0.9146937131881714,0.7071386575698853,19.359188079833984,16.000974655151367,0.00013873459935751555,8,0.04897474060635432,0.08911254607962427,0.19914311915636063,1.5792295543499417,285
1.9342223405838013,0.8732099533081055,0.7083777785301208,19.35039520263672,15.994373321533203,0.00013791457520405555,8,0.12220742425415665,0.12171174319828415,0.31510692834854126,1.8032080427105028,286
1.716078281402588,0.8018220067024231,0.6813840270042419,19.246864318847656,15.980809211730957,0.00013709559101407503,8,0.4959907669108361,0.9948465880006552,0.48202870786190033,3.1548540832009166,287
1.7194160223007202,0.8080717325210571,0.7325612306594849,19.473966598510742,15.980151176452637,0.0001362776782330342,8,0.13746860504033975,0.17156345309768872,0.2783060818910599,1.7877504120390868,288
1.8291957378387451,0.788416862487793,0.7280851602554321,19.310291290283203,15.988232612609863,0.00013546086826525576,8,0.11587584426160902,0.17142385510821134,0.1956355795264244,1.6140167650752724,289
1.582997441291809,0.7094212770462036,0.7368031740188599,19.405147552490234,15.984049797058105,0.00013464519247271915,8,0.14420808455906808,0.18915434357422878,0.48042580485343933,1.9356034856284179,290
2.0783491134643555,0.9687387943267822,0.7027380466461182,19.426021575927734,15.991182327270508,0.00013383068217385648,8,0.04722949684946798,0.0762634181870171,0.14266322925686836,1.4741491667505842,291
1.7870324850082397,0.7216402292251587,0.7603334188461304,19.465715408325195,15.989718437194824,0.00013301736864234986,8,0.3288113944872748,0.27201773669868,0.46986301243305206,2.2885896345083063,292
1.9057347774505615,0.8835688233375549,0.7628060579299927,19.488357543945312,15.989411354064941,0.00013220528310593058,8,0.06713800733268727,0.12433878104621021,0.2423284575343132,1.653978756403196,293
1.9382116794586182,0.8428264260292053,0.6953917741775513,19.314332962036133,16.00267791748047,0.00013139445674518037,8,0.0860037135425955,0.11012610958605318,0.2768526077270508,1.7023018391006186,294
1.8501832485198975,0.8951295614242554,0.6395661234855652,19.142093658447266,15.980976104736328,0.00013058492069233405,8,0.48704390903003514,1.0925172939896584,0.4887005090713501,3.2194441242027096,295
1.65838623046875,0.7807435393333435,0.7290983200073242,19.401466369628906,15.974241256713867,0.00012977670603008402,8,0.1638110093481373,0.19047364776870745,0.25551874935626984,1.7539985504796314,296
1.952092170715332,0.928967297077179,0.7550210952758789,19.49999237060547,15.987570762634277,0.00012896984379038714,8,0.0510056625935249,0.08159531572237255,0.15599415451288223,1.4776595592346007,297
1.9445931911468506,0.9232614636421204,0.7584385871887207,19.626474380493164,15.985107421875,0.00012816436495327298,8,0.07275573000515578,0.09607750743255666,0.19393396377563477,1.6202620347083494,298
2.003570556640625,0.9160601496696472,0.6821150183677673,19.27839469909668,15.988714218139648,0.00012736030044565452,8,0.034629029061761685,0.0764774671022615,0.14137180894613266,1.4631859531853415,299
1.8449342250823975,0.8602299690246582,0.6525694131851196,19.115947723388672,15.975044250488281,0.00012655768114014045,8,0.47642519418150187,1.0422630403190851,0.4595682621002197,3.190031443722546,300
1.9896917343139648,0.9108291268348694,0.727944016456604,19.523269653320312,15.986434936523438,0.00012575653785385014,8,0.11194384632108267,0.09483028977788299,0.2934853881597519,1.7409572942307476,301
1.872208833694458,0.8868336081504822,0.64523845911026,19.20862579345703,15.973262786865234,0.00012495690134722994,8,0.7267020829021931,1.2480826042592525,0.7485460638999939,3.9727734878542833,302
2.056338310241699,0.9721401929855347,0.7041677832603455,19.351280212402344,15.977684020996094,0.00012415880232287253,8,0.037929113321297336,0.06230358615589521,0.12225615605711937,1.4350127765197163,303
1.7853959798812866,0.8683958649635315,0.6792725324630737,19.32181167602539,15.972257614135742,0.00012336227142433786,8,0.12087336389231496,0.1527547091135703,0.2315927892923355,1.6136592052243133,304
1.7154030799865723,0.8282010555267334,0.6723690032958984,19.26534080505371,15.986333847045898,0.00012256733923497653,9,0.14012603397713974,0.15695011904418232,0.20578139275312424,1.6697706069443536,305
1.8115863800048828,0.8376246690750122,0.6864089369773865,19.3179988861084,15.970873832702637,0.00012177403627675575,9,0.0838508942106273,0.1034056621998094,0.17348717153072357,1.5436203363920573,306
1.9347352981567383,0.8598217964172363,0.6991240978240967,19.378570556640625,15.981822967529297,0.00012098239300908723,9,0.0636915999930352,0.12240422163648979,0.1592474989593029,1.6094363999602057,307
2.101822853088379,0.9578428864479065,0.7079290151596069,19.465518951416016,15.973745346069336,0.00012019243982765771,9,0.029067024182950263,0.08834279370192011,0.16734708100557327,1.701309393839872,308
1.9065632820129395,0.9509281516075134,0.7157280445098877,19.42584228515625,15.977910995483398,0.0001194042070632618,9,0.09773964171472471,0.0834740867568507,0.15574631094932556,1.4870135099328217,309
2.0177392959594727,0.9826675653457642,0.6828956604003906,19.402996063232422,15.96563720703125,0.00011861772498063774,9,0.029404384418739937,0.07212900664831456,0.16597770154476166,1.4645186192553905,310
1.8966902494430542,0.9570997953414917,0.6788434982299805,19.44247817993164,15.97212028503418,0.00011783302377730498,9,0.09531810985936318,0.09541168341727974,0.1893065795302391,1.5088621381428144,311
1.9269609451293945,0.8938506841659546,0.7047884464263916,19.49906349182129,15.967962265014648,0.00011705013358240488,9,0.024083295556920348,0.07722542460348081,0.14289695769548416,1.426554849752816,312
1.9102981090545654,0.8278831839561462,0.6887236833572388,19.41236686706543,15.970441818237305,0.00011626908445554399,9,0.05285596441535745,0.1266277938295357,0.14051943644881248,1.598068692855301,313
1.9983632564544678,0.9619816541671753,0.6462165713310242,19.323957443237305,15.96501350402832,0.00011548990638563971,9,0.046689691735082306,0.0741288694977642,0.11495399475097656,1.4404122630355063,314
1.9443620443344116,0.9745563268661499,0.717400848865509,19.60589599609375,15.973270416259766,0.00011471262928976893,9,0.04845363777349121,0.06759533284584485,0.19305536895990372,1.428720644743767,315
1.8697569370269775,0.9228569865226746,0.7147108912467957,19.3475341796875,15.96185302734375,0.00011393728301201941,9,0.09750661827274598,0.12015201277309073,0.23549601435661316,1.6319972763964903,316
1.8601073026657104,0.8461077213287354,0.711746096611023,19.43118667602539,15.966200828552246,0.00011316389732234376,9,0.08065150800393894,0.13997687832714378,0.18724193423986435,1.69055690409412,317
2.0398879051208496,0.9577908515930176,0.6609337329864502,19.38813591003418,15.968896865844727,0.00011239250191541642,9,0.04109711766795954,0.06857161137977807,0.11715421825647354,1.4783101371498588,318
1.9620680809020996,0.94492107629776,0.70891273021698,19.512332916259766,15.963970184326172,0.00011162312640949366,9,0.09889080427092267,0.08031245151337835,0.25966545194387436,1.648411397282103,319
1.916569709777832,0.919346809387207,0.6314836740493774,19.21123504638672,15.958168983459473,0.00011085580034527615,9,0.8484941190108657,1.2723094560205936,0.9653580188751221,4.348929977684747,320
1.9437659978866577,0.9254471063613892,0.7062208652496338,19.441234588623047,15.965566635131836,0.00011009055318477499,9,0.028208872041432187,0.09283144433340507,0.11759558692574501,1.4504846051748421,321
2.008591651916504,0.9670413136482239,0.6749279499053955,19.383644104003906,15.9649658203125,0.00010932741431018018,9,0.05364727623964427,0.06774683131551312,0.14480703324079514,1.5354863572578197,322
2.015371799468994,0.980812668800354,0.6799890995025635,19.510597229003906,15.966283798217773,0.00010856641302273277,9,0.0493105475907214,0.08697287982463875,0.18418261408805847,1.5232391547727775,323
2.0341737270355225,0.999069333076477,0.6626564264297485,19.366741180419922,15.964941024780273,0.00010780757854159963,9,0.07796203081670683,0.09450061137128413,0.11869644373655319,1.5449141389641843,324
1.8261923789978027,0.9190755486488342,0.6599838733673096,19.23822784423828,15.947843551635742,0.00010705094000275151,9,0.09750021966465283,0.13845099533853855,0.20089024305343628,1.6133025076450247,325
1.9726513624191284,0.9192826747894287,0.6907304525375366,19.40365219116211,15.957701683044434,0.00010629652645784464,9,0.03905598331766669,0.11433875670344096,0.12736967206001282,1.5452955716217587,326
1.930445671081543,0.882695198059082,0.7019298076629639,19.423542022705078,15.962496757507324,0.00010554436687310505,9,0.07092737869243138,0.12449315104749581,0.1337161436676979,1.5665872236015235,327
1.9003978967666626,0.9035356640815735,0.6889511346817017,19.242488861083984,15.956405639648438,0.00010479449012821618,9,0.09451137982250657,0.12640231263819646,0.1930326223373413,1.5464848451333402,328
1.9009733200073242,0.9065161943435669,0.6932002902030945,19.38126564025879,15.952963829040527,0.00010404692501521064,9,0.04128844919614494,0.10223721093240312,0.10270228609442711,1.4316818944967644,329
1.9811768531799316,0.9312393069267273,0.7368072271347046,19.564355850219727,15.955081939697266,0.000103301700237364,9,0.03445186724275118,0.06980370021395133,0.17172367870807648,1.4937593931454372,330
1.9317989349365234,0.8650758862495422,0.6969719529151917,19.35917091369629,15.95390510559082,0.00010255884440809327,9,0.10450505620974582,0.15466295294574461,0.22932839393615723,1.7291228650701838,331
1.878713846206665,0.9350535869598389,0.6925596594810486,19.24067497253418,15.953910827636719,0.0001018183860498581,9,0.05024264873645734,0.08801216852576027,0.18554920703172684,1.517088435335476,332
1.8187768459320068,0.8890030384063721,0.6760107278823853,19.218326568603516,15.944573402404785,0.00010108035359306531,9,0.09866280861024279,0.12115231558095674,0.2228778526186943,1.6036548025597308,333
1.9426767826080322,0.9105220437049866,0.7148094773292542,19.348161697387695,15.954551696777344,0.0001003447753749779,9,0.0364426381784142,0.09880422317637583,0.16398055851459503,1.4700195266994345,334
1.8776302337646484,0.9090272188186646,0.694150447845459,19.35543441772461,15.946708679199219,9.961167963862638e-05,9,0.11437412154919002,0.1226227133109351,0.20675521343946457,1.595830919332744,335
2.0910258293151855,0.9167221188545227,0.6310456991195679,19.180404663085938,15.953390121459961,9.88810945317249e-05,9,1.136844216962345,1.3519686497747898,1.3313847780227661,5.217955135216471,336
1.9099788665771484,0.8941786289215088,0.6624472737312317,19.212360382080078,15.954267501831055,9.815304810559021e-05,9,0.15866127880872227,0.14818475384677554,0.24166499823331833,1.825999030939469,337
3.4746201038360596,1.005821704864502,0.5953943133354187,19.215970993041992,15.946789741516113,9.742756831406469e-05,10,2.8012579050820485,1.4211551006883383,2.5587854385375977,19.62248871678588,338
1.9463658332824707,0.932886004447937,0.6643767356872559,19.15796661376953,15.950675964355469,9.670468301244295e-05,10,0.05963269073981792,0.09972303431527352,0.2121630758047104,1.625209740372837,339
1.862086534500122,0.9342116713523865,0.6685439944267273,19.25664520263672,15.956624984741211,9.598441995640233e-05,10,0.09168335684080375,0.09925858321844006,0.16319195926189423,1.5343299590142547,340
2.0748343467712402,0.9707291722297668,0.6917240619659424,19.34593963623047,15.964282989501953,9.526680680093748e-05,10,0.045205185961094685,0.04889905193743682,0.1454949453473091,1.5002368636636987,341
1.8183259963989258,0.895845353603363,0.6981838345527649,19.240585327148438,15.945833206176758,9.455187109929797e-05,10,0.06648049481736962,0.11573378700886083,0.10487860068678856,1.501304198069914,342
1.9599326848983765,0.907631516456604,0.6790430545806885,19.265865325927734,15.950143814086914,9.383964030193107e-05,10,0.046336506471561734,0.09136345472888718,0.1766728013753891,1.5959497916084708,343
1.730898380279541,0.8587037324905396,0.6720473170280457,19.22225570678711,15.94454574584961,9.313014175542707e-05,10,0.05054383668175433,0.12670598034116876,0.14914260804653168,1.5750873856212568,344
1.9958724975585938,0.9565839767456055,0.6631539463996887,19.266666412353516,15.960687637329102,9.242340270146983e-05,10,0.018855154419725295,0.08534231141453485,0.11055462807416916,1.4518171861323586,345
1.9130103588104248,0.9045812487602234,0.6862764954566956,19.25973892211914,15.950027465820312,9.171945027579047e-05,10,0.10018910055805463,0.10415278480433154,0.2593243718147278,1.616134009518295,346
1.9361828565597534,0.926152229309082,0.6264866590499878,19.12377166748047,15.950480461120605,9.101831150712553e-05,10,0.8055586956907064,1.3023807927966118,0.8784188032150269,4.312845360778738,347
1.9071407318115234,0.8563808798789978,0.7431081533432007,19.29189682006836,15.953672409057617,9.032001331617961e-05,10,0.129871622484643,0.19768386767721063,0.20336081832647324,1.8093425873947355,348
1.7829031944274902,0.8850243091583252,0.7510128021240234,19.410572052001953,15.94810676574707,8.962458251459096e-05,10,0.06723325498751365,0.14188970233678244,0.2114204689860344,1.6441052373965865,349
1.9396495819091797,0.9152292609214783,0.673288106918335,19.16996955871582,15.95676040649414,8.89320458039027e-05,10,0.048746168657089584,0.08633439385071051,0.12824667245149612,1.5250644571022796,350
1.9747933149337769,0.9367972612380981,0.6743687987327576,19.23345375061035,15.947519302368164,8.824242977453718e-05,10,0.01636875665099069,0.07044941329921484,0.08586737141013145,1.3898274292609893,351
1.9795162677764893,0.8639922738075256,0.6820021271705627,19.217716217041016,15.963190078735352,8.755576090477542e-05,10,0.058623226592317224,0.12523388186593204,0.11902981996536255,1.553506272196608,352
1.9989309310913086,0.9385293126106262,0.6579375267028809,19.1207332611084,15.954010009765625,8.687206555973997e-05,10,0.049566570509341545,0.07861209398369001,0.11465104296803474,1.49155091047113,353
1.9228445291519165,0.9044270515441895,0.7291322946548462,19.307472229003906,15.954891204833984,8.6191369990383e-05,10,0.06067980590160005,0.10807864195720951,0.19080624729394913,1.558986218699093,354
2.032186508178711,0.9331612586975098,0.6769705414772034,19.272632598876953,15.955612182617188,8.551370033247827e-05,10,0.06777335148944985,0.09000741086975839,0.12601329386234283,1.582077610893349,355
1.9535682201385498,0.9348658919334412,0.6627999544143677,19.22988510131836,15.952882766723633,8.48390826056174e-05,10,0.04689573679934256,0.09192761974829722,0.12888696417212486,1.531509254428805,356
2.0214333534240723,0.9336273670196533,0.6899062395095825,19.277019500732422,15.951459884643555,8.416754271221128e-05,10,0.1358966642001178,0.10873870737974578,0.2279861718416214,1.7445125308307636,357
1.7841213941574097,0.8744782209396362,0.6453952789306641,19.091773986816406,15.951993942260742,8.349910643649499e-05,10,0.7063273848034441,1.1777750626206398,0.7883313298225403,3.961201572965365,358
2.0180416107177734,0.9018644094467163,0.6835513114929199,19.24424934387207,15.951162338256836,8.283379944353825e-05,10,0.16678436408983544,0.1266594923751183,0.3225048631429672,1.9470233877606444,359
1.8918335437774658,0.9005237817764282,0.7014297246932983,19.335460662841797,15.959073066711426,8.217164727825992e-05,10,0.09688089096016483,0.10633514322740023,0.1956351399421692,1.5959032567586773,360
1.7489209175109863,0.8455699682235718,0.6973738670349121,19.204181671142578,15.95327377319336,8.151267536444685e-05,10,0.06618560951028485,0.12123401170121795,0.18546822667121887,1.5115917814504618,361
2.0051584243774414,0.9376420974731445,0.7326928377151489,19.4414005279541,15.958174705505371,8.085690900377809e-05,10,0.1131028285890352,0.08781207723151546,0.234771229326725,1.7071445290414116,362
2.016483783721924,0.9385513067245483,0.7193646430969238,19.347576141357422,15.951475143432617,8.020437337485323e-05,10,0.08769702690187842,0.08919352648358603,0.2106240764260292,1.6029354069642516,363
1.9575951099395752,0.9362491965293884,0.6987332105636597,19.25153350830078,15.963496208190918,7.95550935322257e-05,10,0.1213612461287994,0.0988692526859869,0.21191555261611938,1.7037841133403764,364
1.7449018955230713,0.8502435684204102,0.6562014818191528,19.078414916992188,15.949390411376953,7.890909440544089e-05,10,0.5954738922882825,1.140017557889223,0.6156758666038513,3.603690129413735,365
1.8762240409851074,0.8930389285087585,0.74153733253479,19.37984848022461,15.96045207977295,7.826640079807867e-05,10,0.10371674693305977,0.14156209606126235,0.2155490219593048,1.6413833029943827,366
1.88962721824646,0.9472158551216125,0.7180954217910767,19.414939880371094,15.962175369262695,7.762703738680134e-05,10,0.02917422576865647,0.0613574849633442,0.09670951217412949,1.415223894022609,367
1.9745197296142578,0.9029796719551086,0.7008571028709412,19.32040023803711,15.952768325805664,7.699102872040596e-05,10,0.11103616579930531,0.13073017093008565,0.2250565066933632,1.73024831637192,368
2.0131704807281494,0.9518395662307739,0.6854705214500427,19.356281280517578,15.956205368041992,7.635839921888197e-05,10,0.033588533420697786,0.07471875720273352,0.0921986885368824,1.4256663880418066,369
1.830896258354187,0.7926768064498901,0.6924271583557129,19.118492126464844,15.953056335449219,7.572917317247341e-05,10,0.10203840080066584,0.1854130054641946,0.15968289226293564,1.7440382592838222,370
1.8627578020095825,0.8472187519073486,0.6879289150238037,19.182851791381836,15.9554443359375,7.510337474074621e-05,10,0.05451066864770837,0.11786099250342263,0.09739130362868309,1.5419113195737129,371
1.880089521408081,0.9348850250244141,0.6968287825584412,19.350177764892578,15.956799507141113,7.448102795166089e-05,11,0.04667927777042836,0.09474488360237254,0.13434239104390144,1.4848354225889686,372
1.9235975742340088,0.91653972864151,0.6522707939147949,19.129470825195312,15.95632553100586,7.386215670064953e-05,11,0.0683471813754295,0.11286412089123538,0.13600566610693932,1.5528895384983383,373
1.8989535570144653,0.8641221523284912,0.6676919460296631,19.13821029663086,15.955620765686035,7.324678474969875e-05,11,0.06436502584256232,0.10600392722060942,0.10065733641386032,1.495212973249164,374
1.9501869678497314,0.928675651550293,0.681807816028595,19.214061737060547,15.951695442199707,7.263493572643703e-05,11,0.10100056467490504,0.1223743586298367,0.16855967044830322,1.7232216991461753,375
1.8096109628677368,0.8138532042503357,0.6711955070495605,19.04893684387207,15.952759742736816,7.202663312322766e-05,11,0.4852122243028134,1.153282180428505,0.44097094237804413,3.399840686877724,376
1.8564132452011108,0.9129287004470825,0.716715931892395,19.358856201171875,15.960633277893066,7.14219002962668e-05,11,0.10092013754911022,0.0995026889695611,0.1796998605132103,1.5625042724468687,377
1.7045707702636719,0.8363613486289978,0.6757957935333252,19.033180236816406,15.942924499511719,7.08207604646864e-05,11,0.05692795166396536,0.1481427950749271,0.14700088277459145,1.5552554585411777,378
1.9747523069381714,0.9346051216125488,0.6893098950386047,19.17971420288086,15.945367813110352,7.022323670966301e-05,11,0.08632303398917429,0.08920631047439309,0.23845069110393524,1.6984211736613282,379
1.858375072479248,0.8867250680923462,0.6924866437911987,19.227642059326172,15.946483612060547,6.962935197353136e-05,11,0.07892640648060478,0.08596430090028095,0.15978118032217026,1.4966207476950273,380
1.9626107215881348,1.0083227157592773,0.6350655555725098,19.094161987304688,15.95135498046875,6.903912905890362e-05,11,0.023812836885554134,0.08013435025007276,0.1368219330906868,1.4519486927331213,381
1.8511712551116943,0.869641125202179,0.691945493221283,19.199562072753906,15.956014633178711,6.845259062779383e-05,11,0.06981442548567429,0.11143746471953558,0.16220124065876007,1.6228266162261271,382
1.902885913848877,0.9279175400733948,0.697894275188446,19.231643676757812,15.955806732177734,6.786975920074768e-05,11,0.07052774424664676,0.07859437969249095,0.12983842566609383,1.4980539678197018,383
1.9174425601959229,0.9004631638526917,0.7450783252716064,19.379777908325195,15.951252937316895,6.729065715597798e-05,11,0.042860931338509545,0.11227263155648626,0.11428715661168098,1.5397902808375576,384
1.818160057067871,0.7938278913497925,0.7048184871673584,19.08884620666504,15.947953224182129,6.671530672850516e-05,11,0.15577613918867428,0.19293091540503404,0.23502881079912186,1.8973291766863465,385
1.7929694652557373,0.8783185482025146,0.7096971273422241,19.227127075195312,15.946037292480469,6.614373000930407e-05,11,0.042443674814421684,0.1002510711637204,0.10277586430311203,1.4497335142891732,386
1.9701807498931885,0.9514005780220032,0.6772193908691406,19.32598304748535,15.954487800598145,6.55759489444552e-05,11,0.036619032460293965,0.05238079400406137,0.1720152199268341,1.522447218190432,387
1.920393705368042,0.923089325428009,0.6671819686889648,19.204166412353516,15.941255569458008,6.501198533430219e-05,11,0.09578982822131366,0.08092789846196174,0.15519747883081436,1.5561847425946347,388
1.9111273288726807,0.9457398056983948,0.6628655195236206,19.054603576660156,15.946174621582031,6.445186083261511e-05,11,0.07447307078109588,0.10291510863628495,0.14362481236457825,1.5307110938696729,389
1.8369009494781494,0.8832597136497498,0.6719390153884888,19.144481658935547,15.955391883850098,6.389559694575868e-05,11,0.039248822125955485,0.10219434629042584,0.10635952651500702,1.399582637029462,390
1.8263412714004517,0.9164988994598389,0.6555600166320801,19.11529541015625,15.941621780395508,6.334321503186679e-05,11,0.028787296567315934,0.09682787039960883,0.15114127844572067,1.4561732250741966,391
1.7312425374984741,0.8409081697463989,0.7018274068832397,19.205791473388672,15.944526672363281,6.279473630002217e-05,11,0.1076867513693287,0.15638861359837092,0.14881731569766998,1.5890490245575863,392
1.8898053169250488,0.9068430662155151,0.698540449142456,19.313968658447266,15.955575942993164,6.225018180944236e-05,11,0.0874732032607426,0.09407443573275631,0.19321276992559433,1.6747267458455386,393
1.712190866470337,0.8189996480941772,0.6934772729873657,19.241294860839844,15.93791389465332,6.170957246867082e-05,11,0.10772837985132355,0.14345205075050838,0.20772328972816467,1.6740990501898494,394
1.9458796977996826,0.9057193994522095,0.6952928304672241,19.289833068847656,15.954957962036133,6.117292903477426e-05,11,0.047742045993800275,0.10728299288400728,0.1437755525112152,1.5830008032012992,395
1.926762342453003,0.8838884830474854,0.6414028406143188,19.07392120361328,15.949300765991211,6.064027211254576e-05,11,0.9335258626379073,1.2585527040064335,1.1884664297103882,4.72018734755693,396
1.9199187755584717,0.9060059189796448,0.7151828408241272,19.222990036010742,15.94957447052002,6.011162215371359e-05,11,0.08214622849482112,0.11045885046246867,0.18855519592761993,1.635628045924254,397
2.0031051635742188,0.9089257121086121,0.7180975079536438,19.29107666015625,15.949111938476562,5.958699945615584e-05,11,0.06044080964056775,0.08653246038361784,0.12767722457647324,1.6241521788505033,398
1.9245054721832275,0.843612015247345,0.7186943888664246,19.303607940673828,15.954209327697754,5.906642416312104e-05,11,0.15254892986558843,0.1575751056674452,0.23889879137277603,1.8579527103151012,399
1.776068925857544,0.8508597016334534,0.7042721509933472,19.18175506591797,15.951294898986816,5.8549916262455067e-05,11,0.06676866638008505,0.10879799209463115,0.152857705950737,1.5543481844167475,400
1.9108035564422607,0.8690900206565857,0.6806676387786865,19.199493408203125,15.95124626159668,5.803749558583329e-05,11,0.09561037088860758,0.12215037051950872,0.24772582948207855,1.7286372216070474,401
1.8771114349365234,0.8903225660324097,0.6869356632232666,19.27365493774414,15.941808700561523,5.752918180799932e-05,11,0.06670806666079443,0.11218729817437006,0.18708665668964386,1.652236271154373,402
1.9364147186279297,0.9584876894950867,0.6928664445877075,19.28032684326172,15.944509506225586,5.702499444600974e-05,11,0.050661172834225,0.05830168945425246,0.17930246144533157,1.5580854199378664,403
1.829421877861023,0.8610193729400635,0.6510228514671326,19.031110763549805,15.93484878540039,5.6524952858484366e-05,11,0.32207067910348997,0.2146262426522999,0.47076381742954254,2.2702522651653245,404
1.771507978439331,0.8940394520759583,0.6317822337150574,18.958171844482422,15.934568405151367,5.6029076244863276e-05,11,0.6404759908327833,1.142135938629508,0.7933080196380615,3.8282789606601,405
1.9349164962768555,0.9070876836776733,0.7063993215560913,19.33112335205078,15.946392059326172,5.553738364466944e-05,12,0.05570972527493723,0.11314438585128228,0.14494778215885162,1.5451814150629246,406
1.8649102449417114,0.9207147359848022,0.6722151041030884,19.14792823791504,15.947547912597656,5.504989393677778e-05,12,0.11522891710046679,0.10865819977831437,0.28975988924503326,1.6877128815953841,407
1.8471965789794922,0.9049964547157288,0.6336071491241455,19.082006454467773,15.945798873901367,5.4566625838690346e-05,12,0.7687848961213604,1.267103100195527,0.9074234068393707,4.321523152466398,408
1.9697798490524292,0.8987036943435669,0.7063334584236145,19.255474090576172,15.945157051086426,5.4087597905817487e-05,12,0.09715993356076069,0.0864047399657375,0.26261550188064575,1.8048832173219944,409
2.039677619934082,0.9319299459457397,0.7257533073425293,19.352258682250977,15.943021774291992,5.361282853076559e-05,12,0.07660954362654593,0.07942682359290204,0.1981286257505417,1.6686166638844124,410
1.9023960828781128,0.9015791416168213,0.710212230682373,19.279993057250977,15.948336601257324,5.314233594263069e-05,12,0.054899437018320896,0.08045890766776209,0.17679911106824875,1.5945270594482825,411
1.949732780456543,0.9052257537841797,0.6963949799537659,19.17137908935547,15.939849853515625,5.267613820629878e-05,12,0.08607266722538043,0.11028433296976276,0.1571778506040573,1.6980580458601018,412
1.8980332612991333,0.9609676003456116,0.6400566697120667,19.04290771484375,15.938972473144531,5.2214253221751915e-05,12,0.05833626751700649,0.10469455819473694,0.12732801958918571,1.5375397520656264,413
1.7629917860031128,0.8505314588546753,0.7204842567443848,19.189727783203125,15.937972068786621,5.175669872338121e-05,12,0.12525876457220875,0.15405189313976209,0.22548412531614304,1.7202396527391777,414
1.9750876426696777,0.9138211607933044,0.669974684715271,19.11311149597168,15.947381973266602,5.1303492279305766e-05,12,0.06042482197517529,0.09383798542202182,0.12214582040905952,1.613776273678548,415
1.904125452041626,0.8991025686264038,0.6646817922592163,19.192596435546875,15.937488555908203,5.085465129069806e-05,12,0.07675089938857127,0.09977142067617689,0.1465422287583351,1.577519817962809,416
1.896619439125061,0.8800719976425171,0.6884086728096008,19.281280517578125,15.945901870727539,5.041019299111609e-05,12,0.11354084231425077,0.09562016931963424,0.24692575633525848,1.7535404504313625,417
1.9037866592407227,0.8808897733688354,0.7117646932601929,19.294513702392578,15.939775466918945,4.997013444584128e-05,12,0.05074314870580565,0.10259837930407772,0.11870738491415977,1.5530502174331613,418
1.8466342687606812,0.8118546009063721,0.677095890045166,19.080005645751953,15.939943313598633,4.953449255122365e-05,12,0.09318052962771617,0.20292136096761337,0.1611069068312645,1.792823272964617,419
1.9347282648086548,0.9002864360809326,0.6303447484970093,18.945796966552734,15.937856674194336,4.910328403403282e-05,12,0.5209950027056038,1.1777858883142471,0.49587246775627136,3.531489659915678,420
1.8378149271011353,0.8622204661369324,0.7307953238487244,19.298418045043945,15.94261360168457,4.86765254508158e-05,12,0.09547980333445594,0.11953687533185153,0.2912626713514328,1.749904233488797,421
1.9690070152282715,0.9335140585899353,0.7234005928039551,19.183265686035156,15.936588287353516,4.82542331872614e-05,12,0.11487447620311286,0.09191056243970275,0.3027079701423645,1.833618245209332,422
1.7930495738983154,0.8288281559944153,0.7171304821968079,19.213642120361328,15.942487716674805,4.783642345757098e-05,12,0.11730948122567497,0.12323847372458896,0.25173017382621765,1.736735835003449,423
1.9966344833374023,0.9180923700332642,0.7179183959960938,19.358152389526367,15.94070053100586,4.7423112303835885e-05,12,0.12847889054683037,0.10765537508385653,0.20990127325057983,1.7726888137051782,424
1.8921595811843872,0.9106712937355042,0.7037101984024048,19.34101104736328,15.941102981567383,4.7014315595421704e-05,12,0.082169852219522,0.11556149609976102,0.1954914778470993,1.6502995999588876,425
1.6488100290298462,0.8476677536964417,0.6569180488586426,19.0832576751709,15.931352615356445,4.6610049028358626e-05,12,0.07925642219197471,0.10829240185644784,0.19068822264671326,1.5980904333855102,426
1.7810014486312866,0.8577591180801392,0.6516556739807129,19.0433406829834,15.945566177368164,4.62103281247391e-05,12,0.5261762563604861,1.1165998876094818,0.6695230007171631,3.562218879465945,427
1.906782865524292,0.8877333998680115,0.6823233366012573,19.207963943481445,15.943370819091797,4.581516823212152e-05,12,0.07306503603467718,0.09352343277046427,0.11282960325479507,1.553296837352402,428
1.9575440883636475,0.8871761560440063,0.6761698722839355,19.23242950439453,15.942137718200684,4.542458452294134e-05,12,0.04319781691447133,0.06747383430908266,0.12680919095873833,1.50136550378508,429
1.8620896339416504,0.9056079387664795,0.697833776473999,19.175769805908203,15.937572479248047,4.50385919939282e-05,12,0.060659522394416854,0.10855568725517828,0.11331474035978317,1.4891488697451527,430
1.9801180362701416,0.9367491602897644,0.7016807198524475,19.28042984008789,15.942750930786133,4.4657205465530186e-05,12,0.055143961115390994,0.07238329226429313,0.1046125665307045,1.5328079326111936,431
1.8946726322174072,0.876243531703949,0.7118438482284546,19.367918014526367,15.93973159790039,4.428043958134494e-05,12,0.11030787840718403,0.10509690950343425,0.1598016768693924,1.6189263046202067,432
1.8221547603607178,0.804627001285553,0.6739282608032227,19.074655532836914,15.936750411987305,4.390830880755721e-05,12,0.5731295479927212,1.0483781807124615,0.611660897731781,3.5957674988312647,433
1.9883670806884766,0.8653662800788879,0.7190333604812622,19.258516311645508,15.939602851867676,4.3540827432383535e-05,12,0.16926308767870069,0.135050102001945,0.34618645906448364,2.058551532779778,434
1.7161784172058105,0.801099419593811,0.6929373145103455,19.13605499267578,15.940923690795898,4.3178009565523563e-05,12,0.19135266829107422,0.17820152737247785,0.2631302922964096,1.9247672833675846,435
1.8597135543823242,0.8430339097976685,0.7424999475479126,19.32280158996582,15.939910888671875,4.281986913761844e-05,12,0.18474385829176754,0.15732266039560905,0.32966193556785583,1.9272681294984313,436
1.9335591793060303,0.9224517345428467,0.686839759349823,19.139219284057617,15.939323425292969,4.246641989971571e-05,12,0.11450685306044761,0.0877616443620085,0.22922715544700623,1.7050483212667773,437
1.948401689529419,0.8559614419937134,0.7410220503807068,19.368934631347656,15.943764686584473,4.211767542274152e-05,12,0.2356720716925338,0.1617917023622597,0.39605729281902313,2.087222122857364,438
1.8492639064788818,0.9286394715309143,0.7091734409332275,19.233564376831055,15.935308456420898,4.177364909697951e-05,12,0.12401271420822013,0.09807199798553567,0.18239697813987732,1.608011034914235,439
2.027189254760742,0.9363092184066772,0.6951356530189514,19.281248092651367,15.930459976196289,4.1434354131556555e-05,13,0.12788657305645756,0.08837954352837962,0.2653734087944031,1.9013403665076007,440
2.0854897499084473,0.9722378849983215,0.7056478261947632,19.375436782836914,15.943687438964844,4.1099803553935875e-05,13,0.04732797742690309,0.06386065437838395,0.15041199699044228,1.5880599257747394,441
1.863248348236084,0.9168474674224854,0.6460713148117065,19.08435821533203,15.940459251403809,4.077001020941652e-05,13,0.01783327616249153,0.08021240961572884,0.08984114602208138,1.398987188861088,442
1.9359954595565796,0.970068633556366,0.6911546587944031,19.268096923828125,15.940282821655273,4.044498676064035e-05,13,0.08061808217462385,0.07528167971401706,0.2580926790833473,1.6032660722885979,443
1.8446593284606934,0.8746751546859741,0.7124054431915283,19.250560760498047,15.942340850830078,4.012474568710587e-05,13,0.10448844317579642,0.10142996650847103,0.26939327269792557,1.7060697248643866,444
1.8722422122955322,0.8775858283042908,0.7369731664657593,19.390169143676758,15.944311141967773,3.980929928468886e-05,13,0.13243267743382603,0.1448809897534174,0.26737625896930695,1.858305640065353,445
1.772310733795166,0.8372988700866699,0.7024247050285339,19.243812561035156,15.946039199829102,3.949865966517061e-05,13,0.08661617500183638,0.14638609884996812,0.24224086850881577,1.7274969724442661,446
1.755445122718811,0.7876904010772705,0.6807953119277954,19.064016342163086,15.92637825012207,3.9192838755772465e-05,13,0.4318876094184816,1.0252098646014929,0.48009711503982544,3.259140712732915,447
2.0546724796295166,0.9749230742454529,0.7288580536842346,19.418804168701172,15.939319610595703,3.889184829869824e-05,13,0.08372291189880343,0.0840852323406377,0.18541590124368668,1.7343214204327322,448
1.872009515762329,0.9204102158546448,0.6989954710006714,19.210805892944336,15.944193840026855,3.8595699850683176e-05,13,0.025996848504291847,0.08602698226066102,0.12424837052822113,1.4949727119547573,449
1.8935878276824951,0.9341563582420349,0.7141919136047363,19.298507690429688,15.933393478393555,3.83044047825502e-05,13,0.0681835004070308,0.08836213106139812,0.211713045835495,1.6137899699361462,450
1.9565465450286865,0.9265514016151428,0.7185132503509521,19.31269645690918,15.933187484741211,3.801797427877346e-05,13,0.06751481823448557,0.08429873156189005,0.27143580466508865,1.6990234722534896,451
1.9167791604995728,0.9664857387542725,0.6681795120239258,19.18031883239746,15.937610626220703,3.7736419337048794e-05,13,0.09235703741433099,0.09337235998801618,0.2026851922273636,1.6637679061966177,452
1.762237310409546,0.841620922088623,0.702012300491333,19.195735931396484,15.933463096618652,3.745975076787148e-05,13,0.09927337651606649,0.11181105515124079,0.24475697427988052,1.6772504761362987,453
1.7180298566818237,0.8271434307098389,0.6641845107078552,19.052841186523438,15.922033309936523,3.718797919412113e-05,13,0.4756138848606497,1.0874638315290213,0.5051375031471252,3.331542389583774,454
1.9518425464630127,0.9543466567993164,0.6837441325187683,19.234298706054688,15.928254127502441,3.692111505065394e-05,13,0.057248059201810975,0.11670145130897369,0.1218251958489418,1.5927641904677796,455
1.9592785835266113,0.9232933521270752,0.7147972583770752,19.315359115600586,15.933272361755371,3.665916858390188e-05,13,0.049244338340940885,0.072330979392077,0.2065042182803154,1.5841024700585102,456
1.9568791389465332,0.9159267544746399,0.7037533521652222,19.265108108520508,15.939659118652344,3.640214985147936e-05,13,0.07067620493762661,0.08004459546742115,0.17395319789648056,1.6318056804748773,457
1.8291325569152832,0.8704942464828491,0.6744198203086853,19.045623779296875,15.928808212280273,3.615006872179708e-05,13,0.04381446074694395,0.09693124346601367,0.1207817792892456,1.4674518493463151,458
1.8306028842926025,0.907031774520874,0.7341015338897705,19.33649444580078,15.92776870727539,3.590293487368307e-05,13,0.1702214372344315,0.12898705850534015,0.3662412613630295,1.857512947436812,459
1.9333851337432861,0.9204310178756714,0.7432750463485718,19.40714454650879,15.939827919006348,3.566075779601109e-05,13,0.11298574089596514,0.09334567667761917,0.3210371285676956,1.815931886577947,460
1.8191425800323486,0.9109770059585571,0.6775034666061401,19.11296844482422,15.925289154052734,3.542354678733624e-05,13,0.14975749976292718,0.12505775650332507,0.28759366273880005,1.7860245068686578,461
1.8057448863983154,0.8783838152885437,0.6451018452644348,19.085308074951172,15.928295135498047,3.51913109555381e-05,13,0.05934390582842752,0.1128470647072225,0.25792282074689865,1.6556211439583257,462
1.7788608074188232,0.8066619634628296,0.6916678547859192,19.150264739990234,15.934030532836914,3.4964059217470865e-05,13,0.07659435670939274,0.15669064736341487,0.2040877267718315,1.6642490070406197,463
1.7688164710998535,0.8898619413375854,0.6601443290710449,19.125471115112305,15.935001373291016,3.4741800298621e-05,13,0.08197793010913301,0.10574436414204508,0.24039924889802933,1.628877226854418,464
1.7868661880493164,0.8646323680877686,0.6705983877182007,19.182540893554688,15.933168411254883,3.452454273277231e-05,13,0.286496436689049,0.1983341826967624,0.4813210964202881,2.1896154129904426,465
1.7983484268188477,0.8854535222053528,0.680992841720581,19.26340675354004,15.924219131469727,3.4312294861678164e-05,13,0.1408622904709773,0.11400751856564528,0.26078441739082336,1.7410889063729111,466
1.7186800241470337,0.8238999247550964,0.6897268891334534,19.2120361328125,15.929884910583496,3.4105064834741294e-05,13,0.05630335972819012,0.12915803887506294,0.21915529668331146,1.6294162461816781,467
1.7699968814849854,0.9019954204559326,0.6703917980194092,19.099586486816406,15.93853759765625,3.3902860608700855e-05,13,0.04424405948520871,0.10898314704555939,0.24475349485874176,1.5497201785694543,468
1.8760523796081543,0.9134755730628967,0.7057532668113708,19.386138916015625,15.936899185180664,3.370568994732691e-05,13,0.10669918468920514,0.10620762851244814,0.43560536205768585,1.8362610890289495,469
1.927505373954773,0.8746271133422852,0.7408633232116699,19.332651138305664,15.939929008483887,3.351356042112234e-05,13,0.1557591964083258,0.12313904603151249,0.39092084765434265,1.9525959874016663,470
1.9719078540802002,0.9752748608589172,0.6868165135383606,19.399044036865234,15.945289611816406,3.332647940703224e-05,13,0.03719945257762447,0.05186019459865071,0.18566203862428665,1.5503819315380885,471
1.9828109741210938,0.9459750652313232,0.693705677986145,19.294879913330078,15.94344711303711,3.314445408816055e-05,13,0.1844101918686647,0.11115972027340393,0.39806994795799255,2.0308108143698838,472
2.0275373458862305,0.9586430191993713,0.7235125303268433,19.341365814208984,15.932579040527344,3.2967491453494373e-05,13,0.10454012043192051,0.10494045704640009,0.3189314901828766,1.8487062395821747,473
1.7166613340377808,0.8059234619140625,0.6804070472717285,19.202613830566406,15.932762145996094,3.279559829763554e-05,14,0.13249315301072784,0.14142376115137578,0.24815278500318527,1.7681565970758615,474
1.9864087104797363,0.9581528306007385,0.7053321599960327,19.442262649536133,15.940742492675781,3.26287812205398e-05,14,0.07443243102170527,0.10177923484431917,0.20296930521726608,1.6669862807188776,475
1.787458062171936,0.8615107536315918,0.6666179895401001,19.130422592163086,15.933119773864746,3.246704662726333e-05,14,0.04865983471972868,0.11939986655432505,0.1423121802508831,1.561157549614457,476
2.0501532554626465,0.9218802452087402,0.6772177219390869,19.236207962036133,15.930465698242188,3.2310400727716866e-05,14,0.028330135533906287,0.0687665785240551,0.1538233421742916,1.603213011736052,477
1.8924458026885986,0.888296365737915,0.6516493558883667,19.116962432861328,15.933282852172852,3.2158849536427275e-05,14,0.017222457729076268,0.08951373459964446,0.08475686423480511,1.4703363359676258,478
1.8609907627105713,0.8808713555335999,0.7135586142539978,19.287311553955078,15.930316925048828,3.201239887230657e-05,14,0.08185878174845129,0.12913965504348457,0.20210302621126175,1.6400361330081914,479
1.802296757698059,0.9199349880218506,0.6542812585830688,19.07098388671875,15.924112319946289,3.187105435842855e-05,14,0.05239249693113379,0.11631121440849657,0.2157452180981636,1.5989803637302333,480
1.8328771591186523,0.9471156597137451,0.6720389127731323,19.208984375,15.926336288452148,3.173482142181287e-05,14,0.11960000966791995,0.12224207010575583,0.3370876759290695,1.8192423814732024,481
1.865185260772705,0.9898660182952881,0.6504971981048584,19.22121238708496,15.932666778564453,3.160370529321664e-05,14,0.07803282284294255,0.17609557000201653,0.2256629317998886,1.6561697892621485,482
1.9730418920516968,0.844973087310791,0.6714743375778198,19.177940368652344,15.93196964263916,3.147771100693363e-05,14,0.041219596852897666,0.11511258795885643,0.09790313243865967,1.6403389451044406,483
1.9884345531463623,0.9132831692695618,0.6677777171134949,19.147113800048828,15.935489654541016,3.135684340060098e-05,14,0.039016317066852935,0.0872136807403569,0.1610928177833557,1.6352646772531136,484
1.9221932888031006,0.9163377285003662,0.7081798911094666,19.409122467041016,15.934125900268555,3.12411071150134e-05,14,0.08853650972014293,0.11433129914282325,0.18479304015636444,1.7157730948477097,485
1.8346621990203857,0.8472952842712402,0.7104471921920776,19.312488555908203,15.93905258178711,3.1130506593945004e-05,14,0.07681782936560921,0.11007107748170564,0.14877960085868835,1.615119314727934,486
1.900128960609436,0.9187313318252563,0.7216039896011353,19.410663604736328,15.93460464477539,3.102504608397877e-05,14,0.03654673295386601,0.0774592108331118,0.18537020683288574,1.544668550920832,487
1.7158997058868408,0.8471051454544067,0.7054171562194824,19.222000122070312,15.924688339233398,3.0924729634343345e-05,14,0.10119920634315349,0.12076620145089634,0.2563564404845238,1.7045395845358138,488
1.8456735610961914,0.9148315787315369,0.6615626811981201,19.16529083251953,15.935111999511719,3.08295610967577e-05,14,0.09483462202479132,0.10467487180049606,0.22230874747037888,1.6582242796945206,489
1.788022756576538,0.8916056156158447,0.638420820236206,19.08430290222168,15.937347412109375,3.073954412528315e-05,14,0.532806828385219,1.1154810823500156,0.6138721406459808,3.5177282223594375,490
1.7082908153533936,0.81903076171875,0.6900048851966858,19.122669219970703,15.931623458862305,3.0654682176183145e-05,14,0.09063494633301161,0.15338793812899199,0.23156015574932098,1.7204162988322536,491
1.8629937171936035,0.8029509782791138,0.7144831418991089,19.347469329833984,15.934745788574219,3.057497850779046e-05,14,0.09943281742744148,0.14301969838875306,0.222859188914299,1.77730599302181,492
1.819320797920227,0.8514589071273804,0.7623827457427979,19.503437042236328,15.938285827636719,3.0500436180382153e-05,14,0.10366677603451535,0.1332890025442106,0.2880561873316765,1.8089516248074,493
2.0057878494262695,0.9916498064994812,0.7195805907249451,19.512168884277344,15.931989669799805,3.0431058056062057e-05,14,0.14650447784515563,0.10181013622787866,0.28725433349609375,1.8547334915056228,494
1.7944023609161377,0.829410195350647,0.7215777039527893,19.27480697631836,15.932036399841309,3.036684679865091e-05,14,0.19061957426310983,0.17094188179475078,0.3757438510656357,2.0695498523448252,495
1.8949682712554932,0.8874340653419495,0.6951404809951782,19.243783950805664,15.93011474609375,3.0307804873583994e-05,14,0.16315724546439014,0.1665182350494977,0.3543718308210373,1.988969371095354,496
1.7748134136199951,0.8703483939170837,0.6731678247451782,19.179691314697266,15.93100357055664,3.0253934547816558e-05,14,0.11618574117892422,0.13701654699717647,0.3062487691640854,1.7737505426604114,497
1.941914439201355,0.9436842799186707,0.6607068181037903,19.132770538330078,15.931549072265625,3.0205237889736762e-05,14,0.09905521826294716,0.0864927239836123,0.3100852519273758,1.7542021218778263,498
1.7496262788772583,0.9330947399139404,0.6555834412574768,19.117416381835938,15.929019927978516,3.0161716769086224e-05,14,0.037625352379109245,0.07984335434113765,0.17628738284111023,1.4390818211056469,499
1.8295249938964844,0.8035698533058167,0.7125711441040039,19.26827621459961,15.927497863769531,3.0123372856888213e-05,14,0.1706789985182695,0.15604560130391776,0.3445940166711807,1.9781626183621077,500
1.7597370147705078,0.780566394329071,0.7189111709594727,19.35226058959961,15.934891700744629,3.00902076253836e-05,14,0.35714063118211925,0.24341779378833994,0.6174516379833221,2.5391129453981742,501
1.8142971992492676,0.8562004566192627,0.6985348463058472,19.260601043701172,15.931259155273438,3.0062222347974198e-05,14,0.07479403025354259,0.111659315403558,0.27755285799503326,1.6860121861861623,502
1.9918103218078613,0.9302225708961487,0.688666582107544,19.277803421020508,15.932815551757812,3.003941809917395e-05,14,0.13675387867260724,0.10235391544200434,0.2686520144343376,1.814429371021911,503
1.9572713375091553,0.8763619661331177,0.7175956964492798,19.318031311035156,15.93144416809082,3.002179575456764e-05,14,0.20117791212396696,0.13816000945080553,0.4115507900714874,2.171480538778999,504
1.9681086540222168,0.9036014676094055,0.7357030510902405,19.464508056640625,15.939800262451172,3.0009355990777292e-05,14,0.0864995158626698,0.09628511363878639,0.23986534029245377,1.7414373610332214,505
1.9224028587341309,0.8452762961387634,0.7305214405059814,19.37924575805664,15.930007934570312,3.000209928543619e-05,14,0.11202672084618825,0.1415093491869721,0.2529386952519417,1.9572263308565108,506
